evolution$generation,evolution$evaluated,innovationWeight,innovationGravityDecay,innovationInnovationDecay,innovationMutationRate,innovationNewInnovationHierarchy,innovationEarlyAdoptersRate,innovationUtilityStd,innovationUtilityDistrib,ecoWeight,ecoMultiplier,ecoSizeEffectOnDemand,ecoSizeEffectOnSupply,ecoGravityDecay,ecoWealthToPopulationExponent,ecoPopulationToWealthExponent,coevolWeight,coevolGamma,coevolGravityDecay,coevolNetworkGmax,coevolNetworkExponent,coevolNetworkThresholdQuantile,objective$avgLogPop1,objective$avgLogPop2,objective$avgLogPop3,objective$stdLogPop1,objective$stdLogPop2,objective$stdLogPop3,evolution$samples,evolution$generated,gravityFlows,avgLogPop2,oppAverageUtility,innovationNewInnovationHierarchy,giniEconomicWealth,innovationUtilityDistrib,avgLogPop3,averageDistance,innovationUtilityStd,ecoSizeEffectOnDemand,replication,coevolGravityDecay,stdLogPop2,ecoMultiplier,stdLogPop1,coevolGamma,coevolWeight,ecoWealthToPopulationExponent,ecoPopulationToWealthExponent,ecoSizeEffectOnSupply,innovationMutationRate,urbanSystem,ecoGravityDecay,coevolNetworkThresholdQuantile,stdLogPop3,coevolNetworkGmax,ecoWeight,innovationInnovationDecay,coevolNetworkExponent,avgLogPop1,innovationWeight,innovationEarlyAdoptersRate,oppWealth,innovationGravityDecay
157,157,3.2127308866408E-4,9491.80914221684,4557.840679238755,0.0342674851849667,0.31378034619848,0.15667831596234577,0.787399154183361,normal,2.529763008529764E-4,0.0356709002203612,2.79564666275216,2.8522640795724237,6785.56996914937,1.2921644661310485,2.726343246742772,0.009986087076496062,0.10000275768201057,9999.421310497182,2.658862515011893E-5,2.7445027049602846,0.39672521686467593,13.629492325430668,13.63954037306904,13.640070779322116,0.7617261057828589,0.7623160264056023,0.7632188942975356,1,71,"[1.7607138911145332E-4]","[13.63954037306904]","[-1.0539706305862893]","[0.31378034619848]","[NaN]","[normal]","[13.640070779322116]","[1077.3342316735436]","[0.787399154183361]","[2.79564666275216]","[1660655844736052589]","[9999.421310497182]","[0.7623160264056023]","[0.0356709002203612]","[0.7617261057828589]","[0.10000275768201057]","[0.009986087076496062]","[1.2921644661310485]","[2.726343246742772]","[2.8522640795724237]","[0.0342674851849667]","[EU]","[6785.56996914937]","[0.39672521686467593]","[0.7632188942975356]","[2.658862515011893E-5]","[2.529763008529764E-4]","[4557.840679238755]","[2.7445027049602846]","[13.629492325430668]","[3.2127308866408E-4]","[0.15667831596234577]","[-300382.869747899]","[9491.80914221684]"
157,157,2.913348119964479E-4,9281.441704615281,5040.32541997092,0.07577525900827073,1.3919237226175605,0.11136635030494857,0.787399154183361,log-normal,2.4657791367563195E-4,0.04401275811474397,2.6989238624845737,2.8350147338409837,7185.505475880682,1.315582129560261,2.7165722728738797,0.009923332932282843,0.10000233797902848,9999.55233136259,2.7614359987543393E-5,2.7383840591052926,0.5682778319021782,13.629492325430668,13.639286134732256,13.639948818948495,0.7617261057828589,0.7618365610649025,0.7631495830635808,1,14,"[1.8366542412471873E-4]","[13.639286134732256]","[-1.0016630340136938]","[1.3919237226175605]","[NaN]","[log-normal]","[13.639948818948495]","[1077.4764189611042]","[0.787399154183361]","[2.6989238624845737]","[-5721995115479554652]","[9999.55233136259]","[0.7618365610649025]","[0.04401275811474397]","[0.7617261057828589]","[0.10000233797902848]","[0.009923332932282843]","[1.315582129560261]","[2.7165722728738797]","[2.8350147338409837]","[0.07577525900827073]","[EU]","[7185.505475880682]","[0.5682778319021782]","[0.7631495830635808]","[2.7614359987543393E-5]","[2.4657791367563195E-4]","[5040.32541997092]","[2.7383840591052926]","[13.629492325430668]","[2.913348119964479E-4]","[0.11136635030494857]","[-300382.86974789895]","[9281.441704615281]"
157,157,3.521848840078241E-5,9407.486203681674,3773.50783039813,0.46648898760943586,1.0535849905728591,0.156981605578018,0.8837226890427063,normal,2.751437444216764E-4,0.042252261233621975,2.56561460692011,2.6544270783103285,8126.152722185206,1.3241597578876072,2.99991930517036,0.0098666486583222,0.10000002293699342,9999.989616786628,2.5209871821917053E-5,2.4646450922500116,0.7349188236250039,13.629492325430668,13.638889354650583,13.639380677033742,0.7617261057828589,0.7612431575869583,0.7625934088210938,1,72,"[1.6699946489490456E-4]","[13.638889354650583]","[-1.374847810449941]","[1.0535849905728591]","[NaN]","[normal]","[13.639380677033742]","[1077.8037479949405]","[0.8837226890427063]","[2.56561460692011]","[2686914867292484624]","[9999.989616786628]","[0.7612431575869583]","[0.042252261233621975]","[0.7617261057828589]","[0.10000002293699342]","[0.0098666486583222]","[1.3241597578876072]","[2.99991930517036]","[2.6544270783103285]","[0.46648898760943586]","[EU]","[8126.152722185206]","[0.7349188236250039]","[0.7625934088210938]","[2.5209871821917053E-5]","[2.751437444216764E-4]","[3773.50783039813]","[2.4646450922500116]","[13.629492325430668]","[3.521848840078241E-5]","[0.156981605578018]","[-300382.86974789924]","[9407.486203681674]"
157,157,1.2187276632535921E-4,9613.023638193215,4009.853051117627,0.09248392544763294,0.6470756772542001,0.12828217339980053,0.8489517965040949,log-normal,2.408924194501148E-4,0.0455791520937393,2.6117209284637903,2.5511440933850795,8701.190965205471,1.34215216564457,2.981930196279986,0.01,0.10000017180049195,9999.808548528974,2.40574682178368E-5,2.1457723052437063,0.34110912349978617,13.629492325430668,13.638978894098878,13.639685980162586,0.7617261057828589,0.7609695187399755,0.762790586778102,2,50,"[1.7499157711309664E-4,1.777127422875427E-4]","[13.638978894098878,13.638978894098878]","[-1.2327727542744549,-1.3167096572689583]","[0.6470756772542001,0.6470756772542001]","[NaN,NaN]","[log-normal,log-normal]","[13.639685980164499,13.639685980160674]","[1077.8297883034886,1077.8297874169118]","[0.8489517965040949,0.8489517965040949]","[2.6117209284637903,2.6117209284637903]","[-8467205200403351521,-52851055902707704]","[9999.808548528974,9999.808548528974]","[0.7609695187399755,0.7609695187399755]","[0.0455791520937393,0.0455791520937393]","[0.7617261057828589,0.7617261057828589]","[0.10000017180049195,0.10000017180049195]","[0.01,0.01]","[1.34215216564457,1.34215216564457]","[2.981930196279986,2.981930196279986]","[2.5511440933850795,2.5511440933850795]","[0.09248392544763294,0.09248392544763294]","[EU,EU]","[8701.190965205471,8701.190965205471]","[0.34110912349978617,0.34110912349978617]","[0.7627905802621173,0.7627905932940865]","[2.40574682178368E-5,2.40574682178368E-5]","[2.408924194501148E-4,2.408924194501148E-4]","[4009.853051117627,4009.853051117627]","[2.1457723052437063,2.1457723052437063]","[13.629492325430668,13.629492325430668]","[1.2187276632535921E-4,1.2187276632535921E-4]","[0.12828217339980053,0.12828217339980053]","[-300382.8697478992,-300382.8697478992]","[9613.023638193215,9613.023638193215]"
157,157,2.2362687860983752E-4,9178.11748599126,5040.32541997092,0.45727882868057423,1.290780563406915,0.14248211007966716,0.8970028431698219,log-normal,2.990517379097126E-4,0.04334333736828304,2.723486366492231,2.9750214567356226,7173.59133589217,1.3406488924431104,2.7759922728699555,0.009913709582749031,0.10000333441805535,9999.869874768621,2.7985403925183412E-5,2.9302427155897037,0.644520228282002,13.629492325430668,13.638906283327172,13.639803964625116,0.7617261057828589,0.7608972542371922,0.7630030516423519,1,78,"[1.6873088163481568E-4]","[13.638906283327172]","[-1.3340347200424991]","[1.290780563406915]","[NaN]","[log-normal]","[13.639803964625116]","[1077.7689697676242]","[0.8970028431698219]","[2.723486366492231]","[788091328770783387]","[9999.869874768621]","[0.7608972542371922]","[0.04334333736828304]","[0.7617261057828589]","[0.10000333441805535]","[0.009913709582749031]","[1.3406488924431104]","[2.7759922728699555]","[2.9750214567356226]","[0.45727882868057423]","[EU]","[7173.59133589217]","[0.644520228282002]","[0.7630030516423519]","[2.7985403925183412E-5]","[2.990517379097126E-4]","[5040.32541997092]","[2.9302427155897037]","[13.629492325430668]","[2.2362687860983752E-4]","[0.14248211007966716]","[-300382.86974789924]","[9178.11748599126]"
157,157,2.481164517194551E-4,9196.822325392492,5040.32541997092,0.499966049072766,0.5848395751078865,0.058587662234828385,0.901283681804847,normal,2.35619445720701E-4,0.04374179754177802,2.79564666275216,2.7980701074241234,7302.8348855043,1.3294308689155312,2.99991930517036,0.009921611041428115,0.10000245395177909,9999.874568573818,2.766219847456692E-5,2.812907728018375,0.734918823625004,13.629492325430668,13.639171359097492,13.639860737309519,0.7617261057828589,0.7615162741268903,0.7630564133894857,2,46,"[1.6848177088552013E-4,1.6583495015847557E-4]","[13.639171359097492,13.639171359097492]","[-1.3815259570539804,-1.2505312706590932]","[0.5848395751078865,0.5848395751078865]","[NaN,NaN]","[normal,normal]","[13.63986073730366,13.639860737315379]","[1077.6114352447735,1077.6115926485818]","[0.901283681804847,0.901283681804847]","[2.79564666275216,2.79564666275216]","[-2318642147593313163,9198308551154807450]","[9999.874568573818,9999.874568573818]","[0.7615162741268903,0.7615162741268903]","[0.04374179754177802,0.04374179754177802]","[0.7617261057828589,0.7617261057828589]","[0.10000245395177909,0.10000245395177909]","[0.009921611041428115,0.009921611041428115]","[1.3294308689155312,1.3294308689155312]","[2.99991930517036,2.99991930517036]","[2.7980701074241234,2.7980701074241234]","[0.499966049072766,0.499966049072766]","[EU,EU]","[7302.8348855043,7302.8348855043]","[0.734918823625004,0.734918823625004]","[0.7630564045889239,0.7630564221900475]","[2.766219847456692E-5,2.766219847456692E-5]","[2.35619445720701E-4,2.35619445720701E-4]","[5040.32541997092,5040.32541997092]","[2.812907728018375,2.812907728018375]","[13.629492325430668,13.629492325430668]","[2.481164517194551E-4,2.481164517194551E-4]","[0.058587662234828385,0.058587662234828385]","[-300382.86974789924,-300382.86974789924]","[9196.822325392492,9196.822325392492]"
157,157,8.421294481015661E-5,9613.011165153112,4011.5922537830047,0.0342674851849667,0.6469685228600065,0.1055895786314009,0.8489680747870023,normal,2.35619445720701E-4,0.0455791520937393,2.5682732049728916,2.812821313853425,8232.230218759783,1.28329803042104,2.9824263765742396,0.01,0.10000024365131567,9999.80794079105,2.4085562611684634E-5,1.98562537924888,0.3410372800990966,13.629492325430668,13.639315725184881,13.639610680516794,0.7617261057828589,0.7620246424575233,0.7627094937682424,1,70,"[1.8595477536310136E-4]","[13.639315725184881]","[-0.9999999999999999]","[0.6469685228600065]","[NaN]","[normal]","[13.639610680516794]","[1077.5553671515268]","[0.8489680747870023]","[2.5682732049728916]","[-1622471122925868681]","[9999.80794079105]","[0.7620246424575233]","[0.0455791520937393]","[0.7617261057828589]","[0.10000024365131567]","[0.01]","[1.28329803042104]","[2.9824263765742396]","[2.812821313853425]","[0.0342674851849667]","[EU]","[8232.230218759783]","[0.3410372800990966]","[0.7627094937682424]","[2.4085562611684634E-5]","[2.35619445720701E-4]","[4011.5922537830047]","[1.98562537924888]","[13.629492325430668]","[8.421294481015661E-5]","[0.1055895786314009]","[-300382.869747899]","[9613.011165153112]"
157,157,2.1370395622238655E-4,9273.476953379004,2516.341264179152,0.3528742777585231,1.5270088631052254,0.156981605578018,0.9108827675099548,log-normal,3.8848176411628005E-4,0.0455791520937393,2.79564666275216,2.7661237185279046,6785.56996914937,1.34215216564457,2.859388171259632,0.009913709415121612,0.1,9999.556264522615,2.752658839240795E-5,2.838091485219771,0.335102639690438,13.629492325430668,13.638622704429515,13.639784129820837,0.7617261057828589,0.7600805806388462,0.762981619740396,1,139,"[1.7624403060236454E-4]","[13.638622704429515]","[-1.2062606282459352]","[1.5270088631052254]","[NaN]","[log-normal]","[13.639784129820837]","[1077.9999082196505]","[0.9108827675099548]","[2.79564666275216]","[-8740765209646652957]","[9999.556264522615]","[0.7600805806388462]","[0.0455791520937393]","[0.7617261057828589]","[0.1]","[0.009913709415121612]","[1.34215216564457]","[2.859388171259632]","[2.7661237185279046]","[0.3528742777585231]","[EU]","[6785.56996914937]","[0.335102639690438]","[0.762981619740396]","[2.752658839240795E-5]","[3.8848176411628005E-4]","[2516.341264179152]","[2.838091485219771]","[13.629492325430668]","[2.1370395622238655E-4]","[0.156981605578018]","[-300382.86974789924]","[9273.476953379004]"
157,157,2.0231611178080062E-4,9714.638450215929,3394.3268657448525,0.0342674851849667,1.4318232616529185,0.08833640855049221,0.81427515988383,log-normal,2.49876467739223E-4,0.04190430657184718,2.740444920746182,2.8558442865370974,9232.81635629893,1.3136232368819247,2.7292033736690406,0.009888074900147158,0.1000057636099,9999.57237597017,2.7145642738898923E-5,2.7361991123928933,0.734918823625004,13.629492325430668,13.639186974965225,13.639735985127002,0.7617261057828589,0.7618021556137634,0.7629549057999345,1,102,"[1.868753823774147E-4]","[13.639186974965225]","[-1.0000000000000007]","[1.4318232616529185]","[NaN]","[log-normal]","[13.639735985127002]","[1077.5396440856641]","[0.81427515988383]","[2.740444920746182]","[-2786177011285378991]","[9999.57237597017]","[0.7618021556137634]","[0.04190430657184718]","[0.7617261057828589]","[0.1000057636099]","[0.009888074900147158]","[1.3136232368819247]","[2.7292033736690406]","[2.8558442865370974]","[0.0342674851849667]","[EU]","[9232.81635629893]","[0.734918823625004]","[0.7629549057999345]","[2.7145642738898923E-5]","[2.49876467739223E-4]","[3394.3268657448525]","[2.7361991123928933]","[13.629492325430668]","[2.0231611178080062E-4]","[0.08833640855049221]","[-300382.8697478989]","[9714.638450215929]"
157,157,1.9327623093207496E-4,9178.11748599126,5016.652642226334,0.4463242293748539,1.10513497896504,0.14313759547228494,0.8970302637773324,log-normal,2.983744132362611E-4,0.0455791520937393,2.7313838151959366,2.7470817915854946,7170.74100695262,1.3391762209392541,2.767541692456734,0.009913306647098254,0.10000171452817677,9999.765491782253,2.9030704548077897E-5,2.96601337346863,0.6435954876948298,13.629492325430668,13.638859133427275,13.63974289694735,0.7617261057828589,0.760824508277259,0.7629376505577876,1,96,"[1.6837563365989296E-4]","[13.638859133427275]","[-1.2319878218046432]","[1.10513497896504]","[NaN]","[log-normal]","[13.63974289694735]","[1077.8034117594589]","[0.8970302637773324]","[2.7313838151959366]","[-3827320645996698778]","[9999.765491782253]","[0.760824508277259]","[0.0455791520937393]","[0.7617261057828589]","[0.10000171452817677]","[0.009913306647098254]","[1.3391762209392541]","[2.767541692456734]","[2.7470817915854946]","[0.4463242293748539]","[EU]","[7170.74100695262]","[0.6435954876948298]","[0.7629376505577876]","[2.9030704548077897E-5]","[2.983744132362611E-4]","[5016.652642226334]","[2.96601337346863]","[13.629492325430668]","[1.9327623093207496E-4]","[0.14313759547228494]","[-300382.86974789924]","[9178.11748599126]"
157,157,2.599120873322742E-4,9410.43894320377,3825.1555948047053,0.46502739803808885,1.0730748807602826,0.10316924530836424,0.884628543826841,normal,2.574814954760937E-4,0.042219768333783936,2.5670849543859595,2.51562591106683,9232.81635629893,1.312321078343589,2.99991930517036,0.00999816032964219,0.1,9999.991395461575,2.523368811306512E-5,2.4488731888618007,0.734918823625004,13.629492325430668,13.639352363371628,13.639960101837193,0.7617261057828589,0.7618110277186428,0.7630878138614263,1,16,"[1.7261876447016586E-4]","[13.639352363371628]","[-1.3339476199490525]","[1.0730748807602826]","[NaN]","[normal]","[13.639960101837193]","[1077.5217731490366]","[0.884628543826841]","[2.5670849543859595]","[1118014743006916880]","[9999.991395461575]","[0.7618110277186428]","[0.042219768333783936]","[0.7617261057828589]","[0.1]","[0.00999816032964219]","[1.312321078343589]","[2.99991930517036]","[2.51562591106683]","[0.46502739803808885]","[EU]","[9232.81635629893]","[0.734918823625004]","[0.7630878138614263]","[2.523368811306512E-5]","[2.574814954760937E-4]","[3825.1555948047053]","[2.4488731888618007]","[13.629492325430668]","[2.599120873322742E-4]","[0.10316924530836424]","[-300382.86974789924]","[9410.43894320377]"
157,157,3.1123217000382156E-4,9784.776706015988,2210.8574703483014,0.19303620147387807,0.528679867443274,0.07417942936842262,0.8293856063729943,log-normal,3.002608302260577E-4,0.04414239971622982,2.7484894938863276,2.6416181873572757,7334.726943220027,1.3077186602860702,2.729582790710901,0.009992891946478337,0.10000103990223413,9999.579780889808,2.595653888465593E-5,2.694106752410427,0.6029295054107056,13.629492325430668,13.639348262517606,13.640057451035123,0.7617261057828589,0.7617927247159879,0.7631976087005085,1,8,"[1.774411128102618E-4]","[13.639348262517606]","[-1.0174582438034074]","[0.528679867443274]","[NaN]","[log-normal]","[13.640057451035123]","[1077.4767294101935]","[0.8293856063729943]","[2.7484894938863276]","[-194345720019735580]","[9999.579780889808]","[0.7617927247159879]","[0.04414239971622982]","[0.7617261057828589]","[0.10000103990223413]","[0.009992891946478337]","[1.3077186602860702]","[2.729582790710901]","[2.6416181873572757]","[0.19303620147387807]","[EU]","[7334.726943220027]","[0.6029295054107056]","[0.7631976087005085]","[2.595653888465593E-5]","[3.002608302260577E-4]","[2210.8574703483014]","[2.694106752410427]","[13.629492325430668]","[3.1123217000382156E-4]","[0.07417942936842262]","[-300382.8697478991]","[9784.776706015988]"
157,157,2.6071089412243236E-5,9208.300831905022,4528.230067114169,0.10302114529358547,0.6663087658474974,0.11875810987009938,0.8497729079799247,log-normal,2.35619445720701E-4,0.0356709002203612,2.629948022264707,2.821207877068504,8663.509998524782,1.34215216564457,2.99991930517036,0.01,0.10000016817606634,9999.844528678259,2.5184162527956993E-5,2.0649417252200837,0.4377396490405311,13.629492325430668,13.639021003070264,13.639494413384135,0.7617261057828589,0.7612600173202883,0.7625843074070028,1,90,"[1.804604584657231E-4]","[13.639021003070264]","[-1.0057132192925615]","[0.6663087658474974]","[NaN]","[log-normal]","[13.639494413384135]","[1077.804389302435]","[0.8497729079799247]","[2.629948022264707]","[5038371536332499114]","[9999.844528678259]","[0.7612600173202883]","[0.0356709002203612]","[0.7617261057828589]","[0.10000016817606634]","[0.01]","[1.34215216564457]","[2.99991930517036]","[2.821207877068504]","[0.10302114529358547]","[EU]","[8663.509998524782]","[0.4377396490405311]","[0.7625843074070028]","[2.5184162527956993E-5]","[2.35619445720701E-4]","[4528.230067114169]","[2.0649417252200837]","[13.629492325430668]","[2.6071089412243236E-5]","[0.11875810987009938]","[-300382.86974789924]","[9208.300831905022]"
157,157,2.744944672483594E-4,9271.142805810145,2490.1849058585517,0.3588998917120693,1.1386371779300308,0.156981605578018,0.9111670268503302,log-normal,3.8337640696373034E-4,0.0437834884997015,2.79564666275216,2.76638208347192,6822.6565934673845,1.34215216564457,2.8582041299053658,0.009913446747476691,0.10000109732741941,9999.538998874912,2.754020282148608E-5,2.837859351980933,0.335102639690438,13.629492325430668,13.638733593658017,13.639905374391862,0.7617261057828589,0.7602881246300587,0.7631125500474253,1,123,"[1.7352216987141686E-4]","[13.638733593658017]","[-1.3331808398177851]","[1.1386371779300308]","[NaN]","[log-normal]","[13.639905374391862]","[1077.9104938921391]","[0.9111670268503302]","[2.79564666275216]","[4125683514186345568]","[9999.538998874912]","[0.7602881246300587]","[0.0437834884997015]","[0.7617261057828589]","[0.10000109732741941]","[0.009913446747476691]","[1.34215216564457]","[2.8582041299053658]","[2.76638208347192]","[0.3588998917120693]","[EU]","[6822.6565934673845]","[0.335102639690438]","[0.7631125500474253]","[2.754020282148608E-5]","[3.8337640696373034E-4]","[2490.1849058585517]","[2.837859351980933]","[13.629492325430668]","[2.744944672483594E-4]","[0.156981605578018]","[-300382.86974789924]","[9271.142805810145]"
157,157,0.0,9670.50064035397,2913.7285681145922,0.1874097318874317,1.6046034875365702,0.156981605578018,0.787399154183361,log-normal,2.7400088979846597E-4,0.044395057388327795,2.639254881035499,2.767123241664219,7303.5403315067715,1.3372970647688283,2.6863603432565126,0.00990932402141907,0.10000398918860891,10000.0,2.40574682178368E-5,2.95965039476666,0.5395334533999008,13.629492325430668,13.638752254059565,13.639352497606605,0.7617261057828589,0.7609010537490274,0.7625209672837493,1,47,"[1.8231076908346302E-4]","[13.638752254059565]","[-1.004390455938038]","[1.6046034875365702]","[NaN]","[log-normal]","[13.639352497606605]","[1077.8821577173148]","[0.787399154183361]","[2.639254881035499]","[-6808492551411586763]","[10000.0]","[0.7609010537490274]","[0.044395057388327795]","[0.7617261057828589]","[0.10000398918860891]","[0.00990932402141907]","[1.3372970647688283]","[2.6863603432565126]","[2.767123241664219]","[0.1874097318874317]","[EU]","[7303.5403315067715]","[0.5395334533999008]","[0.7625209672837493]","[2.40574682178368E-5]","[2.7400088979846597E-4]","[2913.7285681145922]","[2.95965039476666]","[13.629492325430668]","[0.0]","[0.156981605578018]","[-300382.86974789924]","[9670.50064035397]"
157,157,8.265597315990795E-5,9710.66345848332,3439.3340883998594,0.0342674851849667,0.8539837934533561,0.156981605578018,0.848693610155936,log-normal,2.871616022476723E-4,0.0455791520937393,2.56561460692011,2.815192273411224,8226.894643689904,1.28329803042104,2.9822661775444406,0.01,0.10000024446607741,9999.444640752328,2.6912835117003744E-5,2.010640214265964,0.335102639690438,13.629492325430668,13.639267875909853,13.63960756724268,0.7617261057828589,0.7618925684103736,0.7627061245583496,1,142,"[1.8528917796183046E-4]","[13.639267875909853]","[-0.9996621170598438]","[0.8539837934533561]","[NaN]","[log-normal]","[13.63960756724268]","[1077.5911827503992]","[0.848693610155936]","[2.56561460692011]","[-3722557610050770183]","[9999.444640752328]","[0.7618925684103736]","[0.0455791520937393]","[0.7617261057828589]","[0.10000024446607741]","[0.01]","[1.28329803042104]","[2.9822661775444406]","[2.815192273411224]","[0.0342674851849667]","[EU]","[8226.894643689904]","[0.335102639690438]","[0.7627061245583496]","[2.6912835117003744E-5]","[2.871616022476723E-4]","[3439.3340883998594]","[2.010640214265964]","[13.629492325430668]","[8.265597315990795E-5]","[0.156981605578018]","[-300382.8697478991]","[9710.66345848332]"
157,157,1.6444335405263436E-4,9178.11748599126,5040.32541997092,0.499966049072766,0.5106941547572499,0.1472651989770555,0.9003141592576791,normal,3.533789156500898E-4,0.04376648830644157,2.79564666275216,2.597330924581667,8978.359322007916,1.34215216564457,2.7948589153646575,0.009926393547355201,0.10000433333112371,9999.875201872464,3.11969426824633E-5,2.597885974238678,0.6622106397354488,13.629492325430668,13.63870701570184,13.639698215094036,0.7617261057828589,0.7604013968304438,0.762876620167732,1,121,"[1.6335258650589004E-4]","[13.63870701570184]","[-1.305209650886033]","[0.5106941547572499]","[NaN]","[normal]","[13.639698215094036]","[1077.9350340574572]","[0.9003141592576791]","[2.79564666275216]","[3231939544669633537]","[9999.875201872464]","[0.7604013968304438]","[0.04376648830644157]","[0.7617261057828589]","[0.10000433333112371]","[0.009926393547355201]","[1.34215216564457]","[2.7948589153646575]","[2.597330924581667]","[0.499966049072766]","[EU]","[8978.359322007916]","[0.6622106397354488]","[0.762876620167732]","[3.11969426824633E-5]","[3.533789156500898E-4]","[5040.32541997092]","[2.597885974238678]","[13.629492325430668]","[1.6444335405263436E-4]","[0.1472651989770555]","[-300382.8697478993]","[9178.11748599126]"
157,157,2.8055412332728217E-4,9191.464012087143,5040.32541997092,0.499966049072766,1.202479303809982,0.14743622725638594,0.9024077316967197,normal,3.0651117369493396E-4,0.043716276149038016,2.79564666275216,2.7960545675349824,7300.488617684811,1.34215216564457,2.7926927048999604,0.009919630083911885,0.1000025321527151,9999.876240078771,2.773871205559305E-5,2.841397688607832,0.7132047948876412,13.629492325430668,13.638928578550264,13.639923607190614,0.7617261057828589,0.7608379686672194,0.7631261325549417,1,36,"[1.742710516902731E-4]","[13.638928578550264]","[-1.0194133109460464]","[1.202479303809982]","[NaN]","[normal]","[13.639923607190614]","[1077.7557541992428]","[0.9024077316967197]","[2.79564666275216]","[-6658478778567516051]","[9999.876240078771]","[0.7608379686672194]","[0.043716276149038016]","[0.7617261057828589]","[0.1000025321527151]","[0.009919630083911885]","[1.34215216564457]","[2.7926927048999604]","[2.7960545675349824]","[0.499966049072766]","[EU]","[7300.488617684811]","[0.7132047948876412]","[0.7631261325549417]","[2.773871205559305E-5]","[3.0651117369493396E-4]","[5040.32541997092]","[2.841397688607832]","[13.629492325430668]","[2.8055412332728217E-4]","[0.14743622725638594]","[-300382.869747899]","[9191.464012087143]"
157,157,3.2127308866408E-4,9266.552495972122,2494.0049021258155,0.499966049072766,1.1375673684181538,0.14033099332628154,0.914439129619447,log-normal,3.86675775400591E-4,0.043689435499489185,2.79564666275216,2.7662085852070857,7278.439255785708,1.34215216564457,2.99991930517036,0.009915106058377995,0.10000572021090488,9999.540426006844,2.7590915751020568E-5,2.800907618584314,0.734918823625004,13.629492325430668,13.638774865404605,13.6400005024633,0.7617261057828589,0.7602503341026001,0.7632138764386224,1,57,"[1.642000136513792E-4]","[13.638774865404605]","[-1.9550781883623438]","[1.1375673684181538]","[NaN]","[log-normal]","[13.6400005024633]","[1077.920432858973]","[0.914439129619447]","[2.79564666275216]","[-6186236546205696877]","[9999.540426006844]","[0.7602503341026001]","[0.043689435499489185]","[0.7617261057828589]","[0.10000572021090488]","[0.009915106058377995]","[1.34215216564457]","[2.99991930517036]","[2.7662085852070857]","[0.499966049072766]","[EU]","[7278.439255785708]","[0.734918823625004]","[0.7632138764386224]","[2.7590915751020568E-5]","[3.86675775400591E-4]","[2494.0049021258155]","[2.800907618584314]","[13.629492325430668]","[3.2127308866408E-4]","[0.14033099332628154]","[-300382.86974789924]","[9266.552495972122]"
157,157,2.2918315506144919E-4,9814.766788875804,4541.840134159436,0.48919453781254907,1.6812981594455079,0.1178491168884559,0.8297397460076104,log-normal,3.874978604629156E-4,0.036391582051690054,2.6011012063745023,2.577397728852514,8656.933217055488,1.2846258898041358,2.919234463348641,0.009974075630079357,0.10000081632260444,9999.277247966664,2.50152403714324E-5,2.795773275387304,0.6736947385838372,13.629492325430668,13.63936155083878,13.639874838031638,0.7617261057828589,0.7619818545155658,0.7630194888727875,2,4,"[1.821682735773624E-4,1.8526742243586366E-4]","[13.63936155083878,13.63936155083878]","[-1.0117072860572325,-0.9969225709754971]","[1.6812981594455079,1.6812981594455079]","[NaN,NaN]","[log-normal,log-normal]","[13.639874838031487,13.639874838031787]","[1077.4848177014555,1077.4848171136741]","[0.8297397460076104,0.8297397460076104]","[2.6011012063745023,2.6011012063745023]","[7391204223911568425,-7352166195704354945]","[9999.277247966664,9999.277247966664]","[0.7619818545155658,0.7619818545155658]","[0.036391582051690054,0.036391582051690054]","[0.7617261057828589,0.7617261057828589]","[0.10000081632260444,0.10000081632260444]","[0.009974075630079357,0.009974075630079357]","[1.2846258898041358,1.2846258898041358]","[2.919234463348641,2.919234463348641]","[2.577397728852514,2.577397728852514]","[0.48919453781254907,0.48919453781254907]","[EU,EU]","[8656.933217055488,8656.933217055488]","[0.6736947385838372,0.6736947385838372]","[0.7630194891158,0.7630194886297751]","[2.50152403714324E-5,2.50152403714324E-5]","[3.874978604629156E-4,3.874978604629156E-4]","[4541.840134159436,4541.840134159436]","[2.795773275387304,2.795773275387304]","[13.629492325430668,13.629492325430668]","[2.2918315506144919E-4,2.2918315506144919E-4]","[0.1178491168884559,0.1178491168884559]","[-300382.86974789924,-300382.86974789924]","[9814.766788875804,9814.766788875804]"
157,157,2.3722580945286577E-4,9191.443772606857,4987.190151744013,0.499966049072766,0.5158538836109287,0.1488364903845594,0.89784341851661,log-normal,3.065753997803804E-4,0.043723622048357356,2.79564666275216,2.99569626845074,7298.996793520477,1.3419551103139609,2.944348598861902,0.00992650325719709,0.1,9999.2413902819,2.7873960783642165E-5,2.824348472127986,0.7127192949470552,13.629492325430668,13.638893949555966,13.639843813405244,0.7617261057828589,0.7607344473110547,0.7630333503685746,1,64,"[1.6989386070470158E-4]","[13.638893949555966]","[-1.1592816210438806]","[0.5158538836109287]","[NaN]","[log-normal]","[13.639843813405244]","[1077.8277383252039]","[0.89784341851661]","[2.79564666275216]","[-6996002362082607538]","[9999.2413902819]","[0.7607344473110547]","[0.043723622048357356]","[0.7617261057828589]","[0.1]","[0.00992650325719709]","[1.3419551103139609]","[2.944348598861902]","[2.99569626845074]","[0.499966049072766]","[EU]","[7298.996793520477]","[0.7127192949470552]","[0.7630333503685746]","[2.7873960783642165E-5]","[3.065753997803804E-4]","[4987.190151744013]","[2.824348472127986]","[13.629492325430668]","[2.3722580945286577E-4]","[0.1488364903845594]","[-300382.8697478994]","[9191.443772606857]"
157,157,0.0,9178.11748599126,5040.32541997092,0.18633307927658568,1.604622433185873,0.156981605578018,0.787399154183361,normal,2.7212403790452576E-4,0.04401275811474397,2.6989238624845737,2.8350147338409837,7185.505475880682,1.315582129560261,2.99991930517036,0.009923332932282843,0.10000233797902848,9999.55233136259,2.5261509429907324E-5,2.96601337346863,0.5385256231261609,13.629492325430668,13.638960195494295,13.639366367914826,0.7617261057828589,0.7613573174838886,0.7625220672472637,2,25,"[1.8436361018820153E-4,1.8150703047810005E-4]","[13.638960195494295,13.638960195494295]","[-0.9971110105899152,-1.0088587624322416]","[1.604622433185873,1.604622433185873]","[NaN,NaN]","[normal,normal]","[13.639366367914826,13.639366367914826]","[1077.7878802678918,1077.7878802678918]","[0.787399154183361,0.787399154183361]","[2.6989238624845737,2.6989238624845737]","[-2624123166270539891,-3583982838728573503]","[9999.55233136259,9999.55233136259]","[0.7613573174838886,0.7613573174838886]","[0.04401275811474397,0.04401275811474397]","[0.7617261057828589,0.7617261057828589]","[0.10000233797902848,0.10000233797902848]","[0.009923332932282843,0.009923332932282843]","[1.315582129560261,1.315582129560261]","[2.99991930517036,2.99991930517036]","[2.8350147338409837,2.8350147338409837]","[0.18633307927658568,0.18633307927658568]","[EU,EU]","[7185.505475880682,7185.505475880682]","[0.5385256231261609,0.5385256231261609]","[0.7625220672472637,0.7625220672472637]","[2.5261509429907324E-5,2.5261509429907324E-5]","[2.7212403790452576E-4,2.7212403790452576E-4]","[5040.32541997092,5040.32541997092]","[2.96601337346863,2.96601337346863]","[13.629492325430668,13.629492325430668]","[0.0,0.0]","[0.156981605578018,0.156981605578018]","[-300382.86974789924,-300382.86974789924]","[9178.11748599126,9178.11748599126]"
157,157,2.6071089412243236E-5,9613.707347885758,4279.283353656298,0.10302114529358547,0.6663087658474974,0.11875810987009938,0.8497729079799247,log-normal,2.537527641744076E-4,0.0455791520937393,2.629948022264707,2.6306325043340886,8663.50999852478,1.34215216564457,2.99991930517036,0.01,0.10000016817606634,9999.844528678259,2.4732122407185224E-5,2.0649417252200832,0.3705379281964637,13.629492325430668,13.63885091411149,13.63949441338567,0.7617261057828589,0.7607683040157637,0.7625842859230687,1,58,"[1.722184344698064E-4]","[13.63885091411149]","[-1.138564560037348]","[0.6663087658474974]","[NaN]","[log-normal]","[13.63949441338567]","[1077.9394494319072]","[0.8497729079799247]","[2.629948022264707]","[-6107767804440926165]","[9999.844528678259]","[0.7607683040157637]","[0.0455791520937393]","[0.7617261057828589]","[0.10000016817606634]","[0.01]","[1.34215216564457]","[2.99991930517036]","[2.6306325043340886]","[0.10302114529358547]","[EU]","[8663.50999852478]","[0.3705379281964637]","[0.7625842859230687]","[2.4732122407185224E-5]","[2.537527641744076E-4]","[4279.283353656298]","[2.0649417252200832]","[13.629492325430668]","[2.6071089412243236E-5]","[0.11875810987009938]","[-300382.86974789924]","[9613.707347885758]"
157,157,2.830096230064668E-4,9307.07388042728,3066.9545156676722,0.45709474539921047,1.5931132584458316,0.09716665310660658,0.8438412146578365,normal,3.987102848789378E-4,0.03762471211896918,2.7309842851385024,2.935169850230297,9132.820620470164,1.3153632029492226,2.606467198028187,0.009979603294164198,0.10000004816345509,9999.305540975793,2.64650656792524E-5,2.32019715764962,0.5765508137560192,13.629492325430668,13.6391875246861,13.639987892542342,0.7617261057828589,0.7614856770364943,0.7631360895663675,2,2,"[1.8284119014228011E-4,1.7586418099780593E-4]","[13.6391875246861,13.6391875246861]","[-1.0004887736404486,-1.0289605802766177]","[1.5931132584458316,1.5931132584458316]","[NaN,NaN]","[normal,normal]","[13.63998789254753,13.639987892537153]","[1077.5573476844502,1077.5576401084745]","[0.8438412146578365,0.8438412146578365]","[2.7309842851385024,2.7309842851385024]","[4663970363207132135,2487287918844589517]","[9999.305540975793,9999.305540975793]","[0.7614856770364943,0.7614856770364943]","[0.03762471211896918,0.03762471211896918]","[0.7617261057828589,0.7617261057828589]","[0.10000004816345509,0.10000004816345509]","[0.009979603294164198,0.009979603294164198]","[1.3153632029492226,1.3153632029492226]","[2.606467198028187,2.606467198028187]","[2.935169850230297,2.935169850230297]","[0.45709474539921047,0.45709474539921047]","[EU,EU]","[9132.820620470164,9132.820620470164]","[0.5765508137560192,0.5765508137560192]","[0.7631360849234682,0.7631360942092666]","[2.64650656792524E-5,2.64650656792524E-5]","[3.987102848789378E-4,3.987102848789378E-4]","[3066.9545156676722,3066.9545156676722]","[2.32019715764962,2.32019715764962]","[13.629492325430668,13.629492325430668]","[2.830096230064668E-4,2.830096230064668E-4]","[0.09716665310660658,0.09716665310660658]","[-300382.869747899,-300382.869747899]","[9307.07388042728,9307.07388042728]"
157,157,2.6272617143093193E-7,9865.723780237186,1963.4940259047207,0.3897848376360663,1.264132730570249,0.049188357490295403,0.8627474862725658,normal,2.416057630068202E-4,0.04492797442092699,2.6160559320265255,2.7311859013385984,8505.322589081105,1.3073704744581618,2.6348658865988246,0.009921102848978292,0.10000220647693409,9999.625409259184,2.9305933508421562E-5,2.4816499233399965,0.4050360653319045,13.629492325430668,13.639037010980914,13.639364685362882,0.7617261057828589,0.7616672503115577,0.7625224546976457,2,6,"[1.7872163264096648E-4,1.7666774263430646E-4]","[13.639037010980914,13.639037010980914]","[-1.0278101057048021,-1.2454845256529936]","[1.264132730570249,1.264132730570249]","[NaN,NaN]","[normal,normal]","[13.639364685362883,13.63936468536288]","[1077.6781829786628,1077.6781829642002]","[0.8627474862725658,0.8627474862725658]","[2.6160559320265255,2.6160559320265255]","[6227788095542017430,-8991742767495010578]","[9999.625409259184,9999.625409259184]","[0.7616672503115577,0.7616672503115577]","[0.04492797442092699,0.04492797442092699]","[0.7617261057828589,0.7617261057828589]","[0.10000220647693409,0.10000220647693409]","[0.009921102848978292,0.009921102848978292]","[1.3073704744581618,1.3073704744581618]","[2.6348658865988246,2.6348658865988246]","[2.7311859013385984,2.7311859013385984]","[0.3897848376360663,0.3897848376360663]","[EU,EU]","[8505.322589081105,8505.322589081105]","[0.4050360653319045,0.4050360653319045]","[0.7625224546872371,0.7625224547080542]","[2.9305933508421562E-5,2.9305933508421562E-5]","[2.416057630068202E-4,2.416057630068202E-4]","[1963.4940259047207,1963.4940259047207]","[2.4816499233399965,2.4816499233399965]","[13.629492325430668,13.629492325430668]","[2.6272617143093193E-7,2.6272617143093193E-7]","[0.049188357490295403,0.049188357490295403]","[-300382.8697478993,-300382.8697478993]","[9865.723780237186,9865.723780237186]"
157,157,2.992639388208468E-4,9338.167309531229,3547.70760679583,0.4822510483381464,1.607629376673684,0.09458423101055366,0.842491798321982,log-normal,4.05262828083605E-4,0.03707533504830472,2.693321729362043,2.9305254762845454,9232.81635629893,1.3179072092865634,2.6440781938300235,0.009974501662009276,0.10000002884359332,9999.503565994237,2.6562832696837204E-5,2.250502692383559,0.5540473114171872,13.629492325430668,13.639177649036665,13.640015326007767,0.7617261057828589,0.7614287377335688,0.763170666499132,1,98,"[1.8478277293831964E-4]","[13.639177649036665]","[-1.002121321839788]","[1.607629376673684]","[NaN]","[log-normal]","[13.640015326007767]","[1077.5673871250838]","[0.842491798321982]","[2.693321729362043]","[7052337504782135572]","[9999.503565994237]","[0.7614287377335688]","[0.03707533504830472]","[0.7617261057828589]","[0.10000002884359332]","[0.009974501662009276]","[1.3179072092865634]","[2.6440781938300235]","[2.9305254762845454]","[0.4822510483381464]","[EU]","[9232.81635629893]","[0.5540473114171872]","[0.763170666499132]","[2.6562832696837204E-5]","[4.05262828083605E-4]","[3547.70760679583]","[2.250502692383559]","[13.629492325430668]","[2.992639388208468E-4]","[0.09458423101055366]","[-300382.86974789895]","[9338.167309531229]"
157,157,2.0680255102547632E-4,9349.705410942772,3042.1940422966745,0.21107278726790066,1.68500802581438,0.14970673166928822,0.90678049210472,normal,3.9929339615906085E-4,0.040837204789096034,2.731710057912616,2.9337543693441797,8917.142951300018,1.315364567056294,2.609073006724096,0.009979335470621586,0.10000002580333449,9999.322252650787,2.642373589665731E-5,2.6632709309129563,0.5754168792383975,13.629492325430668,13.639065674656642,13.639835309269502,0.7617261057828589,0.7612843834154807,0.7629719338632662,1,144,"[1.8636492607418596E-4]","[13.639065674656642]","[-0.9999471453846326]","[1.68500802581438]","[NaN]","[normal]","[13.639835309269502]","[1077.6515762765353]","[0.90678049210472]","[2.731710057912616]","[-4653842573140740205]","[9999.322252650787]","[0.7612843834154807]","[0.040837204789096034]","[0.7617261057828589]","[0.10000002580333449]","[0.009979335470621586]","[1.315364567056294]","[2.609073006724096]","[2.9337543693441797]","[0.21107278726790066]","[EU]","[8917.142951300018]","[0.5754168792383975]","[0.7629719338632662]","[2.642373589665731E-5]","[3.9929339615906085E-4]","[3042.1940422966745]","[2.6632709309129563]","[13.629492325430668]","[2.0680255102547632E-4]","[0.14970673166928822]","[-300382.86974789936]","[9349.705410942772]"
157,157,1.8576126744061165E-4,9710.8429632588,3482.515476993147,0.0342674851849667,1.3908261216628188,0.0878599634792232,0.8445385458169394,normal,2.5910197899551153E-4,0.04217832736944034,2.714832759929522,2.856752649666279,9232.81635629893,1.30220779423313,2.790294466696957,0.00989962776175714,0.10000544077883507,9999.607310252515,2.7658187645751566E-5,2.8214670643111406,0.734918823625004,13.629492325430668,13.639230563707953,13.63971433076674,0.7617261057828589,0.761908503250166,0.762920184765516,1,149,"[1.773318981005575E-4]","[13.639230563707953]","[-1.134564588115961]","[1.3908261216628188]","[NaN]","[normal]","[13.63971433076674]","[1077.5241942089035]","[0.8445385458169394]","[2.714832759929522]","[-5601426436761603495]","[9999.607310252515]","[0.761908503250166]","[0.04217832736944034]","[0.7617261057828589]","[0.10000544077883507]","[0.00989962776175714]","[1.30220779423313]","[2.790294466696957]","[2.856752649666279]","[0.0342674851849667]","[EU]","[9232.81635629893]","[0.734918823625004]","[0.762920184765516]","[2.7658187645751566E-5]","[2.5910197899551153E-4]","[3482.515476993147]","[2.8214670643111406]","[13.629492325430668]","[1.8576126744061165E-4]","[0.0878599634792232]","[-300382.869747899]","[9710.8429632588]"
157,157,5.287828405800375E-5,9531.046760340878,2720.052843838983,0.13609674949727882,1.5825165548218973,0.0806599587708351,0.797118789103197,normal,2.3628077706850856E-4,0.04042688321263761,2.6133151229006653,2.941114294493087,7483.5617913779715,1.2966569191229051,2.8134004528992635,0.00987988654809183,0.10000033608246618,9999.827426016192,2.5115422580573513E-5,2.386419960535353,0.5090345573960664,13.629492325430668,13.639139048252751,13.639429100066128,0.7617261057828589,0.7619277898485324,0.762632488297539,1,5,"[1.851263121868307E-4]","[13.639139048252751]","[-1.000000000000001]","[1.5825165548218973]","[NaN]","[normal]","[13.639429100066128]","[1077.593694690589]","[0.797118789103197]","[2.6133151229006653]","[8618992534725835989]","[9999.827426016192]","[0.7619277898485324]","[0.04042688321263761]","[0.7617261057828589]","[0.10000033608246618]","[0.00987988654809183]","[1.2966569191229051]","[2.8134004528992635]","[2.941114294493087]","[0.13609674949727882]","[EU]","[7483.5617913779715]","[0.5090345573960664]","[0.762632488297539]","[2.5115422580573513E-5]","[2.3628077706850856E-4]","[2720.052843838983]","[2.386419960535353]","[13.629492325430668]","[5.287828405800375E-5]","[0.0806599587708351]","[-300382.86974789883]","[9531.046760340878]"
157,157,3.2127308866408E-4,9178.11748599126,5040.32541997092,0.38564129974521805,1.1467417494653538,0.14055514711707412,0.9090096937581393,log-normal,3.09117013129663E-4,0.04382329967966611,2.698756831963387,2.8349409614364602,7191.315334807206,1.34215216564457,2.9675086567371176,0.009916083901593159,0.10000285937828238,9999.870014088869,2.7626541022630067E-5,2.7383850621404955,0.734918823625004,13.629492325430668,13.638957752722467,13.640001470974937,0.7617261057828589,0.7607869285678576,0.7632135754603202,4,18,"[1.751078948698856E-4,1.6741297625372364E-4,1.8359583999954675E-4,1.825075676700551E-4]","[13.638957752722467,13.638957752722467,13.638957752722467,13.638957752722467]","[-1.5232015218491017,-1.5277990493651437,-0.9928957845634571,-0.9924875053664218]","[1.1467417494653538,1.1467417494653538,1.1467417494653538,1.1467417494653538]","[NaN,NaN,NaN,NaN]","[log-normal,log-normal,log-normal,log-normal]","[13.640001470958557,13.640001470948416,13.640001470991317,13.640001470991361]","[1077.7700979287692,1077.7700722793686,1077.7701529517958,1077.770167369712]","[0.9090096937581393,0.9090096937581393,0.9090096937581393,0.9090096937581393]","[2.698756831963387,2.698756831963387,2.698756831963387,2.698756831963387]","[7242941490377859561,5197812783546640499,3763841433244412983,-7132182559846976368]","[9999.870014088869,9999.870014088869,9999.870014088869,9999.870014088869]","[0.7607869285678576,0.7607869285678576,0.7607869285678576,0.7607869285678576]","[0.04382329967966611,0.04382329967966611,0.04382329967966611,0.04382329967966611]","[0.7617261057828589,0.7617261057828589,0.7617261057828589,0.7617261057828589]","[0.10000285937828238,0.10000285937828238,0.10000285937828238,0.10000285937828238]","[0.009916083901593159,0.009916083901593159,0.009916083901593159,0.009916083901593159]","[1.34215216564457,1.34215216564457,1.34215216564457,1.34215216564457]","[2.9675086567371176,2.9675086567371176,2.9675086567371176,2.9675086567371176]","[2.8349409614364602,2.8349409614364602,2.8349409614364602,2.8349409614364602]","[0.38564129974521805,0.38564129974521805,0.38564129974521805,0.38564129974521805]","[EU,EU,EU,EU]","[7191.315334807206,7191.315334807206,7191.315334807206,7191.315334807206]","[0.734918823625004,0.734918823625004,0.734918823625004,0.734918823625004]","[0.76321359415956,0.7632136013349083,0.7632135567610803,0.7632135566624886]","[2.7626541022630067E-5,2.7626541022630067E-5,2.7626541022630067E-5,2.7626541022630067E-5]","[3.09117013129663E-4,3.09117013129663E-4,3.09117013129663E-4,3.09117013129663E-4]","[5040.32541997092,5040.32541997092,5040.32541997092,5040.32541997092]","[2.7383850621404955,2.7383850621404955,2.7383850621404955,2.7383850621404955]","[13.629492325430668,13.629492325430668,13.629492325430668,13.629492325430668]","[3.2127308866408E-4,3.2127308866408E-4,3.2127308866408E-4,3.2127308866408E-4]","[0.14055514711707412,0.14055514711707412,0.14055514711707412,0.14055514711707412]","[-300382.8697478993,-300382.8697478993,-300382.8697478993,-300382.8697478993]","[9178.11748599126,9178.11748599126,9178.11748599126,9178.11748599126]"
157,157,7.646326370205339E-5,9522.441988616425,3958.3957414408155,0.0342674851849667,0.32566723065944964,0.110326348067941,0.8505294045168881,normal,2.35619445720701E-4,0.04549547866276925,2.56561460692011,2.7355483786393298,8211.675951565125,1.28329803042104,2.965379369433407,0.009999353060414589,0.10000126174396044,9999.807253212755,2.4065831673033922E-5,2.119136509026171,0.335102639690438,13.629492325430668,13.639307489114236,13.639594543871477,0.7617261057828589,0.7620187866560023,0.762692777283996,1,118,"[1.8587061881037169E-4]","[13.639307489114236]","[-1.000104769242958]","[0.32566723065944964]","[NaN]","[normal]","[13.639594543871477]","[1077.5602949354989]","[0.8505294045168881]","[2.56561460692011]","[6958049344907587613]","[9999.807253212755]","[0.7620187866560023]","[0.04549547866276925]","[0.7617261057828589]","[0.10000126174396044]","[0.009999353060414589]","[1.28329803042104]","[2.965379369433407]","[2.7355483786393298]","[0.0342674851849667]","[EU]","[8211.675951565125]","[0.335102639690438]","[0.762692777283996]","[2.4065831673033922E-5]","[2.35619445720701E-4]","[3958.3957414408155]","[2.119136509026171]","[13.629492325430668]","[7.646326370205339E-5]","[0.110326348067941]","[-300382.8697478993]","[9522.441988616425]"
157,157,1.0176186362737319E-4,9541.670824031777,3603.183622226274,0.15005959513190287,0.6397445509682463,0.1188016978133776,0.803610214459272,log-normal,2.47084388319335E-4,0.037620555540957286,2.611831879417231,2.51562591106683,8809.821568647652,1.3414057965972463,2.99991930517036,0.009982968389691671,0.10000049066259409,9999.81154672828,2.408312083493464E-5,2.211346446345752,0.335102639690438,13.629492325430668,13.639038553557949,13.639628908104434,0.7617261057828589,0.7612211092243313,0.7627459472503877,1,116,"[1.786148074410022E-4]","[13.639038553557949]","[-1.1033169792149098]","[0.6397445509682463]","[NaN]","[log-normal]","[13.639628908104434]","[1077.773087539879]","[0.803610214459272]","[2.611831879417231]","[-2953778720262872535]","[9999.81154672828]","[0.7612211092243313]","[0.037620555540957286]","[0.7617261057828589]","[0.10000049066259409]","[0.009982968389691671]","[1.3414057965972463]","[2.99991930517036]","[2.51562591106683]","[0.15005959513190287]","[EU]","[8809.821568647652]","[0.335102639690438]","[0.7627459472503877]","[2.408312083493464E-5]","[2.47084388319335E-4]","[3603.183622226274]","[2.211346446345752]","[13.629492325430668]","[1.0176186362737319E-4]","[0.1188016978133776]","[-300382.86974789924]","[9541.670824031777]"
157,157,4.202624214907161E-5,9417.770852485122,4069.56581794054,0.09816721641944429,1.3172687282510993,0.11847660644295482,0.8847811745982617,normal,2.395735578523414E-4,0.03630535953049412,2.6112257988599836,2.547301762434857,8747.007318491005,1.3400659596051903,2.970513317227476,0.009979711064947685,0.10000357567478892,9999.804815128406,2.672580902829137E-5,2.3527032457124286,0.354440440648579,13.629492325430668,13.639017589811136,13.639506234126648,0.7617261057828589,0.7612852918819216,0.7626170795305813,2,0,"[1.758148778887872E-4,1.8627606034789734E-4]","[13.639017589811136,13.639017589811136]","[-1.1463746748158499,-1.0000000000000007]","[1.3172687282510993,1.3172687282510993]","[NaN,NaN]","[normal,normal]","[13.639506234126621,13.639506234126674]","[1077.7851153301533,1077.7851155247324]","[0.8847811745982617,0.8847811745982617]","[2.6112257988599836,2.6112257988599836]","[3823308484525532840,-8613583836836285161]","[9999.804815128406,9999.804815128406]","[0.7612852918819216,0.7612852918819216]","[0.03630535953049412,0.03630535953049412]","[0.7617261057828589,0.7617261057828589]","[0.10000357567478892,0.10000357567478892]","[0.009979711064947685,0.009979711064947685]","[1.3400659596051903,1.3400659596051903]","[2.970513317227476,2.970513317227476]","[2.547301762434857,2.547301762434857]","[0.09816721641944429,0.09816721641944429]","[EU,EU]","[8747.007318491005,8747.007318491005]","[0.354440440648579,0.354440440648579]","[0.7626170797486309,0.7626170793125319]","[2.672580902829137E-5,2.672580902829137E-5]","[2.395735578523414E-4,2.395735578523414E-4]","[4069.56581794054,4069.56581794054]","[2.3527032457124286,2.3527032457124286]","[13.629492325430668,13.629492325430668]","[4.202624214907161E-5,4.202624214907161E-5]","[0.11847660644295482,0.11847660644295482]","[-300382.86974789924,-300382.86974789924]","[9417.770852485122,9417.770852485122]"
157,157,2.4445520532474577E-5,9633.871787441201,3886.694519734749,0.10326254861945414,0.6657048046025071,0.09161064921423245,0.914439129619447,normal,3.936423499294204E-4,0.0436254270350547,2.6301060247568535,2.8466039093388544,8663.309857696571,1.337721266480266,2.99991930517036,0.01,0.10000016808805168,9999.032275111274,2.4628417136128887E-5,2.5906401999048896,0.370072900501024,13.629492325430668,13.638612873594111,13.639491162450934,0.7617261057828589,0.7600882952045374,0.76258079172663,1,99,"[1.737302971361172E-4]","[13.638612873594111]","[-1.3341778685494468]","[0.6657048046025071]","[NaN]","[normal]","[13.639491162450934]","[1078.1243996746641]","[0.914439129619447]","[2.6301060247568535]","[-2477288894769648271]","[9999.032275111274]","[0.7600882952045374]","[0.0436254270350547]","[0.7617261057828589]","[0.10000016808805168]","[0.01]","[1.337721266480266]","[2.99991930517036]","[2.8466039093388544]","[0.10326254861945414]","[EU]","[8663.309857696571]","[0.370072900501024]","[0.76258079172663]","[2.4628417136128887E-5]","[3.936423499294204E-4]","[3886.694519734749]","[2.5906401999048896]","[13.629492325430668]","[2.4445520532474577E-5]","[0.09161064921423245]","[-300382.86974789924]","[9633.871787441201]"
157,157,4.377240621464116E-5,9909.82749967981,3369.335926287341,0.14990230572790456,1.5397513492427863,0.06287644879836013,0.8643591493770735,normal,2.711225555463313E-4,0.03807026035728808,2.56561460692011,2.7519558848368413,8321.661226026805,1.2989920253640117,2.99991930517036,0.009996674954267683,0.10000022342183844,9999.895465936383,2.787510346619801E-5,2.6323603995132108,0.48943714240258057,13.629492325430668,13.639218923246474,13.639526520935437,0.7617261057828589,0.7618233890132184,0.7626221141026738,2,20,"[1.8624393978104985E-4,1.857455596771921E-4]","[13.639218923246474,13.639218923246474]","[-1.0000000000000009,-0.9994251983174011]","[1.5397513492427863,1.5397513492427863]","[NaN,NaN]","[normal,normal]","[13.63952652093544,13.639526520935433]","[1077.6339970992804,1077.6339968397094]","[0.8643591493770735,0.8643591493770735]","[2.56561460692011,2.56561460692011]","[-5112983336659015179,-343913485127796222]","[9999.895465936383,9999.895465936383]","[0.7618233890132184,0.7618233890132184]","[0.03807026035728808,0.03807026035728808]","[0.7617261057828589,0.7617261057828589]","[0.10000022342183844,0.10000022342183844]","[0.009996674954267683,0.009996674954267683]","[1.2989920253640117,1.2989920253640117]","[2.99991930517036,2.99991930517036]","[2.7519558848368413,2.7519558848368413]","[0.14990230572790456,0.14990230572790456]","[EU,EU]","[8321.661226026805,8321.661226026805]","[0.48943714240258057,0.48943714240258057]","[0.7626221140870956,0.762622114118252]","[2.787510346619801E-5,2.787510346619801E-5]","[2.711225555463313E-4,2.711225555463313E-4]","[3369.335926287341,3369.335926287341]","[2.6323603995132108,2.6323603995132108]","[13.629492325430668,13.629492325430668]","[4.377240621464116E-5,4.377240621464116E-5]","[0.06287644879836013,0.06287644879836013]","[-300382.86974789924,-300382.86974789924]","[9909.82749967981,9909.82749967981]"
157,157,2.0725943223172413E-4,9178.11748599126,5040.32541997092,0.38318068189807464,0.48874175301223455,0.156981605578018,0.914439129619447,normal,3.5301273235631946E-4,0.04376304341274799,2.6184436217860343,2.51562591106683,9232.81635629893,1.342088905169307,2.7879765974473534,0.009926604327189122,0.10000427621953012,9999.874025984067,3.111662315071382E-5,2.96601337346863,0.6652239925047949,13.629492325430668,13.638752016826825,13.639784014970731,0.7617261057828589,0.7604566888411619,0.7629688624062357,1,136,"[1.6719788479264145E-4]","[13.638752016826825]","[-1.412435477927305]","[0.48874175301223455]","[NaN]","[normal]","[13.639784014970731]","[1077.895013633342]","[0.914439129619447]","[2.6184436217860343]","[-264518756005730644]","[9999.874025984067]","[0.7604566888411619]","[0.04376304341274799]","[0.7617261057828589]","[0.10000427621953012]","[0.009926604327189122]","[1.342088905169307]","[2.7879765974473534]","[2.51562591106683]","[0.38318068189807464]","[EU]","[9232.81635629893]","[0.6652239925047949]","[0.7629688624062357]","[3.111662315071382E-5]","[3.5301273235631946E-4]","[5040.32541997092]","[2.96601337346863]","[13.629492325430668]","[2.0725943223172413E-4]","[0.156981605578018]","[-300382.8697478993]","[9178.11748599126]"
157,157,3.2127308866408E-4,9554.712818647427,2213.575007781034,0.3723271106614678,0.5385015150943415,0.07270299395989657,0.8665002110289218,normal,3.5347585593608976E-4,0.04461733855500799,2.7457243260695288,2.8663343831421617,7346.84818651286,1.3077137369008212,2.730614656736834,0.01,0.100000728904221,9999.744700992078,2.444618593943841E-5,2.668531154669891,0.600830502411182,13.629492325430668,13.63928938272208,13.640084553666835,0.7617261057828589,0.7615998737545338,0.7632197707637244,1,23,"[1.6420954146354746E-4]","[13.63928938272208]","[-1.3615415293162856]","[0.5385015150943415]","[NaN]","[normal]","[13.640084553666835]","[1077.519167184473]","[0.8665002110289218]","[2.7457243260695288]","[7992348499739848626]","[9999.744700992078]","[0.7615998737545338]","[0.04461733855500799]","[0.7617261057828589]","[0.100000728904221]","[0.01]","[1.3077137369008212]","[2.730614656736834]","[2.8663343831421617]","[0.3723271106614678]","[EU]","[7346.84818651286]","[0.600830502411182]","[0.7632197707637244]","[2.444618593943841E-5]","[3.5347585593608976E-4]","[2213.575007781034]","[2.668531154669891]","[13.629492325430668]","[3.2127308866408E-4]","[0.07270299395989657]","[-300382.8697478993]","[9554.712818647427]"
157,157,3.2127308866408E-4,9491.340012111641,4556.703465719185,0.0342674851849667,1.386995377673941,0.156981605578018,0.8040211697555649,log-normal,2.4909153769834847E-4,0.038952985911936015,2.694441815921357,2.8539591525120844,6785.56996914937,1.2940102223826957,2.735090826181598,0.009923236586638571,0.10000283653845372,9999.420356590417,2.7137609218914534E-5,2.743216667524332,0.3989555199155055,13.629492325430668,13.63945560520688,13.640008553080397,0.7617261057828589,0.7622488247880528,0.7632138964034301,1,63,"[1.842393985980888E-4]","[13.63945560520688]","[-0.9994102895260719]","[1.386995377673941]","[NaN]","[log-normal]","[13.640008553080397]","[1077.3522640611036]","[0.8040211697555649]","[2.694441815921357]","[4867043279577954561]","[9999.420356590417]","[0.7622488247880528]","[0.038952985911936015]","[0.7617261057828589]","[0.10000283653845372]","[0.009923236586638571]","[1.2940102223826957]","[2.735090826181598]","[2.8539591525120844]","[0.0342674851849667]","[EU]","[6785.56996914937]","[0.3989555199155055]","[0.7632138964034301]","[2.7137609218914534E-5]","[2.4909153769834847E-4]","[4556.703465719185]","[2.743216667524332]","[13.629492325430668]","[3.2127308866408E-4]","[0.156981605578018]","[-300382.8697478989]","[9491.340012111641]"
157,157,5.159779832340104E-6,9846.61236727256,3314.318975671803,0.11474342616158784,1.5535329315965367,0.06045837886306608,0.8611226275527487,log-normal,2.656863073481737E-4,0.03807769076332087,2.5986840381078644,2.737980360150904,8482.834945300736,1.2883058285214009,2.9957695259457955,0.009996662816497321,0.10000023429508126,9999.849628192449,2.8415202043689984E-5,2.5796888726502525,0.48758381903741344,13.629492325430668,13.639228193192457,13.639449288591813,0.7617261057828589,0.761921629395744,0.7625389810471574,2,1,"[1.8634762438201968E-4,1.838291023093192E-4]","[13.639228193192457,13.639228193192457]","[-0.9995822922570401,-1.011010322626716]","[1.5535329315965367,1.5535329315965367]","[NaN,NaN]","[log-normal,log-normal]","[13.639449288591813,13.639449288591813]","[1077.6274236501595,1077.6274235492483]","[0.8611226275527487,0.8611226275527487]","[2.5986840381078644,2.5986840381078644]","[-1250867292037700758,8251830674739013089]","[9999.849628192449,9999.849628192449]","[0.761921629395744,0.761921629395744]","[0.03807769076332087,0.03807769076332087]","[0.7617261057828589,0.7617261057828589]","[0.10000023429508126,0.10000023429508126]","[0.009996662816497321,0.009996662816497321]","[1.2883058285214009,1.2883058285214009]","[2.9957695259457955,2.9957695259457955]","[2.737980360150904,2.737980360150904]","[0.11474342616158784,0.11474342616158784]","[EU,EU]","[8482.834945300736,8482.834945300736]","[0.48758381903741344,0.48758381903741344]","[0.7625389810471574,0.7625389810471574]","[2.8415202043689984E-5,2.8415202043689984E-5]","[2.656863073481737E-4,2.656863073481737E-4]","[3314.318975671803,3314.318975671803]","[2.5796888726502525,2.5796888726502525]","[13.629492325430668,13.629492325430668]","[5.159779832340104E-6,5.159779832340104E-6]","[0.06045837886306608,0.06045837886306608]","[-300382.8697478993,-300382.8697478993]","[9846.61236727256,9846.61236727256]"
157,157,0.0,9615.746078623282,3994.954023746294,0.03594127244131393,0.594670815816549,0.156981605578018,0.8466850989144744,normal,2.35619445720701E-4,0.04159127300486471,2.56561460692011,2.5484067267183885,8731.363663422817,1.3341167107609568,2.99991930517036,0.009977184450576349,0.10000080605061867,9999.808886504625,2.40574682178368E-5,2.180377074519572,0.335102639690438,13.629492325430668,13.638964435524285,13.639419684822492,0.7617261057828589,0.7612113296510329,0.762526329503163,1,69,"[1.8637679748267558E-4]","[13.638964435524285]","[-0.999870339915202]","[0.594670815816549]","[NaN]","[normal]","[13.639419684822492]","[1077.8302669576167]","[0.8466850989144744]","[2.56561460692011]","[8882815108937425644]","[9999.808886504625]","[0.7612113296510329]","[0.04159127300486471]","[0.7617261057828589]","[0.10000080605061867]","[0.009977184450576349]","[1.3341167107609568]","[2.99991930517036]","[2.5484067267183885]","[0.03594127244131393]","[EU]","[8731.363663422817]","[0.335102639690438]","[0.762526329503163]","[2.40574682178368E-5]","[2.35619445720701E-4]","[3994.954023746294]","[2.180377074519572]","[13.629492325430668]","[0.0]","[0.156981605578018]","[-300382.86974789924]","[9615.746078623282]"
157,157,2.3760545750758176E-4,9611.942004227787,4575.828833793706,0.12406796490023372,1.3815547024793635,0.10982785087623251,0.8004179354598273,log-normal,2.490030388912219E-4,0.04365094238466283,2.6935966537486005,2.855748529401765,8039.103721617735,1.3135191278046743,2.7291997930718384,0.0099235752266821,0.10000232627871707,9999.573034876483,2.713580076798349E-5,2.7384904439504556,0.6162429146413098,13.629492325430668,13.639244845677647,13.639841673345332,0.7617261057828589,0.7618091613089487,0.763033722192525,1,3,"[1.7968058949641434E-4]","[13.639244845677647]","[-1.014226330743441]","[1.3815547024793635]","[NaN]","[log-normal]","[13.639841673345332]","[1077.515950336799]","[0.8004179354598273]","[2.6935966537486005]","[-8232695799364011949]","[9999.573034876483]","[0.7618091613089487]","[0.04365094238466283]","[0.7617261057828589]","[0.10000232627871707]","[0.0099235752266821]","[1.3135191278046743]","[2.7291997930718384]","[2.855748529401765]","[0.12406796490023372]","[EU]","[8039.103721617735]","[0.6162429146413098]","[0.763033722192525]","[2.713580076798349E-5]","[2.490030388912219E-4]","[4575.828833793706]","[2.7384904439504556]","[13.629492325430668]","[2.3760545750758176E-4]","[0.10982785087623251]","[-300382.86974789924]","[9611.942004227787]"
157,157,2.1671199554912002E-4,9848.799326218215,3335.599797101926,0.0342674851849667,1.544736685305852,0.05228816380438883,0.8332495298590078,normal,2.35619445720701E-4,0.037292756910448095,2.600482961925994,2.739445077509173,8457.776732539804,1.2862869806307726,2.995782222608307,0.01,0.10000016616285293,9999.898850789394,2.8436483211022875E-5,2.4669058666255363,0.44415070505506526,13.629492325430668,13.639477998441556,13.639875576079282,0.7617261057828589,0.7622490689298115,0.7629946821532403,1,73,"[1.8614988082164976E-4]","[13.639477998441556]","[-1.0001098639884491]","[1.544736685305852]","[NaN]","[normal]","[13.639875576079282]","[1077.4217996150987]","[0.8332495298590078]","[2.600482961925994]","[6600135802039023492]","[9999.898850789394]","[0.7622490689298115]","[0.037292756910448095]","[0.7617261057828589]","[0.10000016616285293]","[0.01]","[1.2862869806307726]","[2.995782222608307]","[2.739445077509173]","[0.0342674851849667]","[EU]","[8457.776732539804]","[0.44415070505506526]","[0.7629946821532403]","[2.8436483211022875E-5]","[2.35619445720701E-4]","[3335.599797101926]","[2.4669058666255363]","[13.629492325430668]","[2.1671199554912002E-4]","[0.05228816380438883]","[-300382.8697478991]","[9848.799326218215]"
157,157,1.3307121378322117E-4,9262.95474345831,4711.66773070431,0.45947083449692466,0.9917987326934214,0.14183701828243733,0.9081800446697571,normal,2.9623112314016873E-4,0.041679848663150686,2.7054123115094133,2.99569626845074,7150.200323013831,1.340350274357328,2.7530092317710406,0.00991337375368464,0.10000299170756169,9999.86488417386,2.8483538647375013E-5,2.855820157448691,0.6454195150216833,13.629492325430668,13.638850240487255,13.63962260395636,0.7617261057828589,0.7609060597969952,0.7628079506183387,1,95,"[1.6883712885222804E-4]","[13.638850240487255]","[-1.156929224009477]","[0.9917987326934214]","[NaN]","[normal]","[13.63962260395636]","[1077.8150223060863]","[0.9081800446697571]","[2.7054123115094133]","[961472613073599496]","[9999.86488417386]","[0.7609060597969952]","[0.041679848663150686]","[0.7617261057828589]","[0.10000299170756169]","[0.00991337375368464]","[1.340350274357328]","[2.7530092317710406]","[2.99569626845074]","[0.45947083449692466]","[EU]","[7150.200323013831]","[0.6454195150216833]","[0.7628079506183387]","[2.8483538647375013E-5]","[2.9623112314016873E-4]","[4711.66773070431]","[2.855820157448691]","[13.629492325430668]","[1.3307121378322117E-4]","[0.14183701828243733]","[-300382.86974789936]","[9262.95474345831]"
157,157,1.6696254064384777E-4,9415.75466163983,2464.6381570847025,0.46615773860777154,1.324472054129381,0.156981605578018,0.8847813761243224,log-normal,2.35619445720701E-4,0.03899580941438569,2.56561460692011,2.545855485390509,8414.214678840654,1.3121003810911975,2.981474749252558,0.009999147903127299,0.10000267046173228,10000.0,2.40574682178368E-5,2.4492595886229793,0.734918823625004,13.629492325430668,13.63931534155488,13.63977528254143,0.7617261057828589,0.7618712625169487,0.7628877157674746,1,10,"[1.7154262638449324E-4]","[13.63931534155488]","[-1.1054335464537128]","[1.324472054129381]","[NaN]","[log-normal]","[13.63977528254143]","[1077.5558705598464]","[0.8847813761243224]","[2.56561460692011]","[-3630843722139583076]","[10000.0]","[0.7618712625169487]","[0.03899580941438569]","[0.7617261057828589]","[0.10000267046173228]","[0.009999147903127299]","[1.3121003810911975]","[2.981474749252558]","[2.545855485390509]","[0.46615773860777154]","[EU]","[8414.214678840654]","[0.734918823625004]","[0.7628877157674746]","[2.40574682178368E-5]","[2.35619445720701E-4]","[2464.6381570847025]","[2.4492595886229793]","[13.629492325430668]","[1.6696254064384777E-4]","[0.156981605578018]","[-300382.8697478992]","[9415.75466163983]"
157,157,1.707775971632181E-4,9586.88885113096,3944.354026398062,0.057420776714011454,0.36791916662154495,0.11869523634374124,0.8512765177374881,normal,2.35619445720701E-4,0.04552380666153427,2.5754090554541462,2.99569626845074,6968.8335366007195,1.28329803042104,2.99991930517036,0.01,0.1,9999.805991231311,2.40574682178368E-5,1.98562537924888,0.335102639690438,13.629492325430668,13.639402862507007,13.639783752984115,0.7617261057828589,0.7621173709580059,0.7628959056143251,1,155,"[1.7272435501561884E-4]","[13.639402862507007]","[-1.1020143959500486]","[0.36791916662154495]","[NaN]","[normal]","[13.639783752984115]","[1077.4829688700413]","[0.8512765177374881]","[2.5754090554541462]","[-4491216464674442874]","[9999.805991231311]","[0.7621173709580059]","[0.04552380666153427]","[0.7617261057828589]","[0.1]","[0.01]","[1.28329803042104]","[2.99991930517036]","[2.99569626845074]","[0.057420776714011454]","[EU]","[6968.8335366007195]","[0.335102639690438]","[0.7628959056143251]","[2.40574682178368E-5]","[2.35619445720701E-4]","[3944.354026398062]","[1.98562537924888]","[13.629492325430668]","[1.707775971632181E-4]","[0.11869523634374124]","[-300382.86974789924]","[9586.88885113096]"
157,157,4.230687788275946E-5,9613.040824257778,3999.651204126595,0.092726501831085,0.6551060502295195,0.11864422897915139,0.8455748676008867,log-normal,2.4104759266407045E-4,0.038418904929112506,2.6116846894506107,2.5483237154072933,8737.497784922027,1.3413728748177338,2.9677431326979007,0.009979807984993344,0.10000117922228867,9999.810645918746,2.40574682178368E-5,2.164489990762212,0.3427882236175553,13.629492325430668,13.638978096032318,13.639506891309614,0.7617261057828589,0.7611708914437582,0.7626176539658931,1,22,"[1.8528987426041368E-4]","[13.638978096032318]","[-1.0001296707845506]","[0.6551060502295195]","[NaN]","[log-normal]","[13.639506891309614]","[1077.8169536494606]","[0.8455748676008867]","[2.6116846894506107]","[-9100330413028590905]","[9999.810645918746]","[0.7611708914437582]","[0.038418904929112506]","[0.7617261057828589]","[0.10000117922228867]","[0.009979807984993344]","[1.3413728748177338]","[2.9677431326979007]","[2.5483237154072933]","[0.092726501831085]","[EU]","[8737.497784922027]","[0.3427882236175553]","[0.7626176539658931]","[2.40574682178368E-5]","[2.4104759266407045E-4]","[3999.651204126595]","[2.164489990762212]","[13.629492325430668]","[4.230687788275946E-5]","[0.11864422897915139]","[-300382.869747899]","[9613.040824257778]"
157,157,2.1617679139999062E-4,9570.221327327485,1284.94495867368,0.16473095873551521,1.560738465253672,0.15229207929765387,0.8623875630564967,normal,3.3743195520020253E-4,0.037672142835083994,2.733510663575706,2.933530376585418,9119.190645255469,1.31925360193739,2.8989136282766763,0.009881035437190345,0.10000004724071714,9999.781711428064,2.6489290639797365E-5,2.3177514316633197,0.335102639690438,13.629492325430668,13.6390813173814,13.639756721541486,0.7617261057828589,0.7614579562575029,0.7629842057129917,1,148,"[1.866872351970237E-4]","[13.6390813173814]","[-0.999651284088481]","[1.560738465253672]","[NaN]","[normal]","[13.639756721541486]","[1077.6331930802855]","[0.8623875630564967]","[2.733510663575706]","[8826596651469813654]","[9999.781711428064]","[0.7614579562575029]","[0.037672142835083994]","[0.7617261057828589]","[0.10000004724071714]","[0.009881035437190345]","[1.31925360193739]","[2.8989136282766763]","[2.933530376585418]","[0.16473095873551521]","[EU]","[9119.190645255469]","[0.335102639690438]","[0.7629842057129917]","[2.6489290639797365E-5]","[3.3743195520020253E-4]","[1284.94495867368]","[2.3177514316633197]","[13.629492325430668]","[2.1617679139999062E-4]","[0.15229207929765387]","[-300382.86974789936]","[9570.221327327485]"
