2887727.37358117,3642418.11934662,3923457.53418112,4300867.49208164
712248.102902412,885134.744796038,1018323.9365139,1305076.21013165
1148905.51469898,1176500.2628336,1087752.25318432,929157.350193024
1359891.15392971,1390415.7580719,1302891.47276306,1154630.03549194
1011277.26807404,955880.877811432,936081.011727333,948354.924604416
877816.894053221,1013043.42217445,1023012.58303261,1028391.12270164
822034.167768478,939347.303551912,1038658.96073914,1225958.69615936
7370926.05794206,10191342.6002991,11665385.3270621,14077364.3642133
1087197.62362909,1149487.18256152,1110373.34564877,1034760.13127136
1135313.69757211,1188221.16581631,1115084.99596024,995900.676559448
1118271.82083324,1259043.82538986,1256913.00124359,1230729.45720673
1098788.08909225,1535891.38981628,1731282.00387573,2006721.84486389
1136080.72522318,1158983.51346684,1194803.85802269,1309503.41890335
1422320.29896736,1482004.42658424,1569185.05328178,1596992.45100784
387667.750854343,566377.203912247,709470.629411455,975000.709702432
1333606.36794114,1266664.58937645,1245952.08204651,1273981.04412818
1840867.21210498,1883329.19062233,1958871.0763855,2202574.79889107
814078.561417401,866103.972172737,885236.493083954,1004262.74495125
2095745.17115355,2143543.02709484,2212131.28437424,2426862.54217815
3059394.68022919,3143129.19945526,3293353.66093102,3271872.3120999
826550.395708561,942834.682136059,1024902.93499565,1128715.32818535
1680993.29654425,1801502.63125992,1785840.9697609,1789293.61728859
1571189.04948997,1697113.03213882,1796292.48240185,1913888.19769382
3803444.89625239,3650808.81769454,3669263.66031325,3443652.88488436
6767324.5461474,7436741.41718271,8077756.18982546,9609627.23124576
378080.496732626,565763.093202163,723755.797831438,1027226.57575943
1178115.56175649,1282498.78190494,1409445.45274973,1508676.65660357
914970.049278259,1027735.58592224,1131359.60411072,1381517.4846344
1903103.02150536,2384620.9193458,2530830.96712494,2737788.64882565
1802427.51996326,1824784.70845556,1714308.39733458,1526062.23812151
748977.604603767,817212.944272041,895815.749674797,958696.387730598
824881.506134033,955570.986001015,1016054.04672337,1126680.7081399
1350122.28484344,1516537.90274048,1489033.43973541,1430660.58934402
961311.764849655,1307640.43368036,1563955.11667008,2015029.57915302
851436.277963161,898742.842782021,961765.665225506,986038.15670085
7822582.02286243,8576325.13622618,8991835.85798872,9711652.25660014
1333188.32425183,1469348.25737,1621219.53850937,1856675.54301834
883145.629390717,1097815.29687738,1307096.92726612,1573652.44337463
1189332.92941093,1182196.36744618,1107531.89369011,996285.784211524
156271.896670938,446840.91261673,708842.897884369,1316070.20695496
1074638.94634247,1353965.59111786,1530482.24414408,1758467.95559883
1065098.29297733,1163622.61291122,1134295.21304321,1070468.25116539
1425531.79541086,1884503.04747467,2273822.59265489,2678205.03301364
1019715.58713287,1166342.58293819,1149622.02841187,1117969.50260448
921330.212493896,1011919.01682281,1063582.04202652,1152368.36786652
2090031.29252386,3018508.74286759,3545231.0792675,4130656.7844696
2916071.57513255,2971510.12516391,2944441.26916122,3011029.84067667
2310509.80326924,2643540.01954383,2829902.43397999,3105303.6032463
1017941.22781556,1229025.1829371,1356701.67437777,1655686.13939582
1239611.65257525,1242018.35882723,1212598.53906846,1205384.99981236
1214718.44916825,1464649.16763321,1660648.65445481,1733144.75179523
863351.722942829,1069312.20116425,1117205.4205339,1106870.25568914
1662047.69082737,1999360.53727329,2005019.94921923,1774128.26777613
1324800.67936957,1549886.37763894,1583756.39290285,1501500.2642709
2037949.23550892,2745231.47961929,3080003.54255986,3337264.05873573
712666.502474725,1379643.7162497,1966180.27244377,3057127.2255249
3274911.58964673,4189726.30595362,4853173.79646197,6036145.78300986
686340.008244038,1129558.04691672,1221544.18606472,1730584.31183243
2045372.79738569,2090083.03735256,2043386.50631142,1894557.3629055
719085.183800399,914033.206074983,1087425.5815731,1101829.80841729
564100.047003657,784937.089094162,913359.541557312,1119914.83842468
562391.259227753,750327.187376022,815894.123125076,926881.288761139
1572179.63758345,1862612.58942781,1994447.14221844,2063274.18309237
2997857.48795967,3391174.54547352,3595863.40023199,3288131.60271677
1135383.71545058,1230585.48989904,1205282.20201945,1080132.62082291
2194133.19852251,2276508.88784748,2275676.04173362,2342859.75910825
2837207.09388477,4050198.23644543,4743827.53918457,5489522.56603622
687326.862812042,1024811.56575012,1046696.86473083,1077839.80924988
5813214.26661061,6435984.40254841,6908818.5833504,6779775.29351209
984675.633313999,1224596.73864346,1352855.46398844,1188874.54928929
2894927.66236734,3235445.27544737,3386805.50431204,3832012.36925411
2026737.41941833,2700942.00486946,2920156.64540482,3157849.75416932
946689.635113358,992028.857282639,1014251.34938002,998283.490438223
1065285.7320725,1311711.40381336,1388574.69783783,1386689.50295639
4704983.46860673,7931495.55340099,10148541.9481807,14111242.4122822
778464.812038779,1229180.92963314,1504461.63759089,1881076.44017792
3372590.18998489,3307149.17890199,3198348.86639006,3167668.46665485
865603.955013275,1323127.80303192,1612577.25822449,1995853.75624084
398048.859977722,599903.48943615,805627.017909884,972714.625295877
13029776.2643853,14939951.1697574,15597301.320924,15950674.2894509
978513.864544392,1319728.88190651,1544209.52835083,1961523.0976944
3295915.27961278,3834683.24843693,4133153.77945852,4894294.60208321
212267.275040388,621164.212440968,973056.87108469,1680190.29669189
691853.779271126,877575.634468079,955027.328941345,1007051.2743988
1003338.81063843,1291666.53594208,1135631.44752502,1132740.69330597
839247.924377441,1173988.27973175,1339128.26343155,1501062.30500031
797783.315372348,1711449.00666904,2247628.71631432,3002439.98031235
72700.1153352261,252025.306851149,533956.473870277,1363364.37051201
1051031.60429972,1021709.68206501,995416.890794695,1138151.47503346
3387578.99608129,7074952.72384262,10640695.3362103,17982667.6475067
822464.365840182,895618.311163902,932890.962133527,1086019.56408221
2192994.34086556,2696921.6876765,3071639.42637176,3132223.29869148
981983.058927536,1313420.58595467,1469310.22930527,1578319.53572083
1158042.03045434,1488885.04811107,1839649.19032908,2229499.86359544
1048086.08904839,1167814.55857658,1224885.59632111,1393120.29383469
709699.718425345,1068543.898963,1351485.79962039,1360858.29779637
1846809.35402846,3327260.69865346,4545486.14866907,6642178.9425838
2198861.65570641,2437950.17273521,2500612.41867828,2439213.86891174
279680.557834119,504749.273496687,680970.911664486,990730.242729187
1682744.40006173,2443033.12806574,2883260.85959518,3379821.74448478
861521.497707024,920091.310640402,967399.199491754,1129297.08086655
788850.167957783,1044763.23842144,1162910.26316452,1251378.93710327
2213900.20475272,2643439.75249192,2926241.22646236,3368613.48063225
1583205.99380136,1773500.95083928,1886879.3009003,1958520.77434906
318687.912254333,557208.093887329,699574.710876465,1063670.4468689
686372.158115515,949852.773380402,1171841.55662661,1100883.93794849
316314.923999786,623983.208831787,900758.676025391,1440104.63705444
1002515.37171406,1121542.31402653,1202165.51965839,1528104.29754394
2329439.60814106,2519339.51449394,2531235.7302537,2794141.78084564
1080337.53290433,1176361.6097492,1172519.73436928,1142678.37559891
1857254.24637175,2572747.01522279,2952223.2947979,3314770.19675446
35787.043171525,627935.362239838,1117220.36257172,1511358.83668518
2801296.06796765,3119705.94034642,3351355.9323293,3315199.42129505
1150731.72439909,1934461.82732248,2526831.42649412,3451600.38115311
945188.029951096,1216735.674427,1348338.99159765,1404328.29846954
2653797.94373005,3770562.83576181,4362804.67165829,4604961.31032413
13100210.2005937,17365096.783475,19256801.0655348,21600841.0338162
126863.711364985,408059.543937683,687550.773890674,1324139.60292816
199158.755782604,466933.521443367,670008.282157898,944863.830207825
934000.702180147,1388678.7831192,1693143.31212521,2116487.17029953
698141.633023262,918739.293439865,1022216.64155579,1098285.50808716
1899484.72513497,2525203.2929697,2845741.58741426,3857232.50939941
659683.900770187,904625.945541382,1030655.3196106,1137997.12426758
1632706.46814013,2405981.75468254,2893032.97815716,3460770.59093666
478133.849333763,747329.203355789,923713.6788311,1171720.26817322
1022018.62594301,1341867.6331687,1500916.50015116,1631852.55698395
927575.288518429,1207568.87084198,1333774.07786894,1534182.40025139
460092.503299713,537133.998378754,704293.702468872,1016968.51403809
63501.4796953201,1112358.89894295,2022715.99642754,2841665.6278801
1218539.79293925,1316700.47989821,1269575.03283954,1173901.03246999
378221.185375959,735351.083000183,874263.732796669,1246462.0004653
872267.322429657,1438019.77458954,1877991.46875572,2112719.31382942
1616997.64049959,2425955.21414149,2954006.7147938,3603126.14837742
918875.200455666,1061559.58602905,1105196.88490677,1076264.23580933
1119011.69014167,1653773.75363058,1972323.97064972,2365069.25137329
620449.428410582,959556.637316361,1219943.54987502,2029109.78471747
2071999.59166956,2447513.98253213,2513136.83652687,2474024.94122314
232218.382583141,445419.802271843,627371.901599884,976954.518356323
466249.546629515,766752.51877024,888206.878576279,1134882.86119652
2691051.06034219,7428341.75670981,9875802.82068539,12515044.5449162
635070.393153429,825625.99806881,881447.600366473,922818.837289572
22541604.5920932,27406702.0735523,29965512.5602764,33028731.2211789
854548.229759216,1149015.44311523,1289423.42903137,1469650.01593018
3366559.38401508,3754871.68674707,3706793.20697689,3431209.04966927
1038371.73474789,1272337.41661835,1329865.78682137,1312575.89543152
374201.786720276,619693.369880676,751454.115188599,951130.864407212
1264646.62751031,2246790.14035034,3048651.82413483,4368639.38959885
6136633.88052518,7028050.76993769,7376256.73782372,7667227.20578921
1240536.05993652,1593033.40328979,1726753.28146934,1804860.19748688
18752.7763710618,351383.687095642,655749.878738403,924949.686203003
1120287.93688178,1359247.83460736,2443299.28940392,4381842.18002319
1149067.16110015,1220599.72611541,1223213.00615859,1186234.93753219
13928631.618734,15359857.1644292,15696264.3318604,15692797.3890805
23409.2379657589,397601.925830841,725350.259447098,1014031.63878441
1538472.3665783,1745568.0105333,1751652.59699082,1610966.35481274
346052.683494568,545996.043838501,708437.624938965,960783.03125
2306426.60202789,3459559.59480855,4183364.82003424,5071323.74781799
366888.351733953,611473.177362025,751442.045764923,1026216.77830124
527369.447933197,747979.142776489,899517.820335388,1105044.57798004
505065.167531013,778006.221932411,947778.569915771,1193826.34141541
782584.496359706,1498389.29068565,2041270.80459595,2764733.93733215
1095671.59519577,1428391.86035538,1603508.78995132,1865738.41901588
1101101.71529174,1199177.26760697,1214275.70548904,1203249.64889646
642570.904489636,865148.864772841,1172769.3325745,2463481.75301462
1112358.91895723,1945630.32291317,2570480.09383154,3738563.96224999
980714.303338107,1077047.37494284,1241427.76338188,1516952.49858326
1863177.74079609,2732276.62724209,3257845.45329952,3985659.61101532
1844985.07385242,2044579.22747993,2107030.68223,2121623.60455418
9154382.6481252,11426824.8814468,13183106.6965307,14281719.7970058
1209629.33564806,1913494.06028557,2456317.05012608,2705863.89712524
1534895.37890529,2129275.33434569,2632529.56366929,3611577.48452731
2810079.82130766,3562090.82006025,4230363.58881092,5367305.28468418
531885.651297569,874378.359622955,1016270.0490036,1136249.56049347
596039.793663025,859575.302948952,980601.763702393,1021219.17755127
471992.59399879,712762.985347748,842437.453197479,997914.332942963
42387.4828532934,760589.881332219,1378379.33676338,2011732.19600773
2660813.90241021,3320023.32765871,3918983.53724007,5165561.23038398
2654474.85933857,3149087.3036249,3737885.48132065,4437234.74786636
641732.606803894,1063652.53036749,1409206.3857637,1885761.04263115
1033718.76447296,1161414.06350517,1173621.86458206,1067521.0757637
1171827.29211712,1333605.92918968,1345788.83955002,1236454.59422779
260890.813926697,449111.162261963,635268.025054932,1012532.63848877
84633.1026611328,559191.962024689,753872.979614258,1017084.61459351
917440.932020545,1557766.25055408,2037281.62344265,2788655.29249847
1041935.67304683,1380718.46218157,1805745.39529181,2362272.76959896
1523839.39344099,2732652.1713562,3719567.79686033,5385671.74870062
1043119.49626899,1712953.19277239,2376729.07906651,3672402.98485661
391875.083680153,642263.730617523,824401.479782104,1094641.51022339
1796146.36545265,2699527.78661346,3272049.4966464,3998646.65640354
562905.247057676,820006.445513725,1136068.23256731,1521423.37473488
946226.475913048,1537525.70454407,1960635.00852966,2573370.16259766
660394.820846558,963029.70604229,1088392.71947765,1209648.60142517
328321.460403442,547684.33808136,703420.310745239,947497.498367309
1177643.94447494,1495540.85868502,1677231.81757969,1762653.7166568
1152802.58794022,1998589.90847206,2676531.8631115,3563007.33364868
725787.491428375,936633.640102387,1028395.63140869,1081141.37904739
554571.488121033,753726.679862767,903932.283294678,992193.204818726
410558.518594027,693802.457649231,1100056.39720535,1706220.41409492
3370467.30307126,5708786.70701686,7508958.45365393,10114717.5133165
36357.9347959331,579824.189750353,988726.670363641,1232269.48359966
3115926.25892193,5022144.26401063,6464840.21204041,8625178.95600554
437156.671752363,666897.945303917,816145.837808609,1073967.27960968
2380257.68223447,3537500.20998096,4262142.7932874,5532976.20282364
5263800.57588142,10426901.703983,15181466.4844241,24472119.1019755
975660.004155397,1361252.33253813,1570042.24255943,1800152.29559612
849762.885437012,1287970.28805161,1653655.62213335,2169863.4674778
333958.415762952,556191.92282486,751497.794628143,1019543.6834259
355725.44820118,562247.933387756,688717.130419731,924759.814376831
3016132.36425459,5135064.95746636,6737589.71290207,9318649.15574646
411630.56638813,654933.922456741,924877.975582123,1484284.04515076
3166661.23669988,4837339.02184459,5937113.24452043,7344344.75003505
308660.192709446,525362.951425552,685485.969546318,952634.435276985
136743.688547134,519090.820899963,752399.531116486,1071076.17103577
615705.953593254,666257.055303574,689897.803497314,1063620.66747093
872858.697506905,1428700.16556931,1806107.04152679,2422577.35084534
2694548.99734533,4367393.60996497,5619428.83995748,7527414.36368662
609208.408318311,1043677.76489878,1389115.62521505,1935628.39863014
607534.672058105,800953.018470764,982926.033815384,1134417.81459522
817711.079002596,1420337.93361902,1898268.17846632,2650538.59619474
8948355.60560438,12691065.499507,15110880.9956646,19734085.7298329
58547.3509393334,805908.366343737,1219212.23385477,1341825.20945168
2239932.2038266,2886063.77716757,3573351.58406756,4873719.7402889
4793406.39793384,5295491.88514709,5203568.79611969,4649254.22441101
538925.317295611,846611.253787488,1103339.11900941,1483926.83962774
458333.769071579,747757.428158283,954155.338267326,1369514.09801054
491634.190495491,761297.037427664,938187.960102081,1159382.03839874
843913.495786786,1670107.92110372,1569825.07239151,3168016.41258717
1053543.12294769,1594458.42436075,1910334.33011162,2145646.95969293
663185.424518585,999875.561155289,1258741.33821869,1652297.46089935
1347911.09549254,2019986.9910776,2449632.91167164,2983793.70381021
697425.245305061,981082.060299873,1138675.06495667,1311573.87651825
9962212.12571801,15195012.4682206,19386775.9029278,26658713.5982418
662737.15139389,949214.177796364,1156562.9305191,1509151.40423584
684039.376646629,814541.779176088,915943.850089509,1290483.02406267
1556819.23710728,2312561.47682667,2782841.68405199,3325178.47261047
453580.774531603,710735.44370079,883884.93121624,1138813.02896118
371691.096099854,613992.607543945,794829.031311035,932937.108642578
588606.611644745,981609.921096802,1301784.31944275,1617979.67169189
586064.72617662,785673.965911865,877863.462789536,940765.13243103
666262.8279953,860809.576212645,928005.000801086,933234.129966736
425827.646970749,639326.694457054,788072.913257599,992380.245075226
1837472.35439897,2910054.27035904,3647001.10766006,4699633.59491014
881933.4800568,1306913.3255734,1717117.62872958,1996766.55392621
23358.3072190247,248427.156356931,791351.773422241,3529143.42619705
297272.035728455,510766.647250175,691822.150489807,932405.410949707
537626.035377502,789765.568771362,969615.749450683,1185763.77172852
520153.484329224,746725.045272827,868195.27432251,1013701.88708496
432532.20211792,623303.907196045,827146.259094238,1066419.19750977
1021349.83685684,1531935.26533508,1952232.01323509,2430431.82373047
646180.890563965,835466.642295837,910825.391410828,952975.661132812
1216829.60018408,2012929.16104889,2694545.32791811,3607260.67281342
1744826.31539297,2719201.12064743,3470574.59490204,4622784.1298328
835648.699508667,1176512.61585236,1446646.92354584,1825357.25041199
936932.823444366,1344281.96312523,1665685.84766579,2043654.75785732
353474.662841797,623691.167778015,971033.362236023,1308909.60144043
368757.420156956,574082.004874706,717678.91660881,978160.674741745
1161213.21648669,1733673.84623909,2091143.6547308,2531220.07805729
2415704.93887854,3091900.76931763,3436262.31867981,3773461.42225647
351576.700848103,798641.807863712,1056157.09696579,1564432.25970459
578528.550415039,812958.31892395,975121.635009766,1165748.45300293
460900.99325794,736767.836399078,960134.466678619,1310397.7378006
600092.310462952,923220.430883408,1172158.33063698,1525100.78072357
696758.959565639,823418.512356758,884417.897708893,942036.303039551
501914.706129074,732319.663196087,893806.002825022,1103543.44038272
249751.500394821,460558.179551363,614182.873771667,1247787.40198994
473018.066440582,763695.743925214,1013065.18355083,1435601.88567924
1639142.12844849,2310249.69286346,2669531.63848495,3038500.74630737
601418.429382324,770024.885665894,871007.626167297,967303.066192627
517982.713867188,709954.316711426,827209.702026367,916050.558349609
439556.177471161,640948.092185974,784831.882705688,911913.180725098
2710722.27753647,3254117.37197259,3570453.40515208,4227777.41881281
2742581.00541218,3886862.75292498,4692825.9646963,5406570.28784095
1046094.59520531,1622847.6137886,2076105.32941437,2771973.20225525
414700.817148209,655207.9594841,824751.205018997,1038510.05528831
345703.209946632,548518.972320557,717695.778778076,993322.027481079
1117368.33954501,1731804.10304642,2243305.61537933,2695887.29986572
867573.410660744,1066858.12910843,1118126.97599792,1106639.05887794
244988.526263475,550342.623336792,738068.692810059,1121136.54155731
743205.700469971,1145940.04264832,1405717.59261131,1835125.89627075
800627.8583951,1001605.43436909,1070115.93213511,1069415.28947914
117212.206756394,339459.787483096,419198.418447927,1556519.51176739
2056080.10550201,2909489.27249336,3527000.57218671,4188270.7652359
410475.690505981,649834.496902466,818929.996673584,1059888.05024719
476166.921783447,675447.536453247,795032.814498901,920606.892608643
1664114.46704626,2341578.20593214,2697941.02635956,3070466.49447918
193478.19830662,792320.394194543,1463801.7441349,4909470.56917095
5122623.31840324,6913473.60759091,7843448.26976705,8873426.90240586
272708.751574516,505679.02874279,733518.905906677,1105313.9953804
632582.480145693,912056.924528122,1103349.87816811,1284400.45985031
4858666.70578276,7744707.71523622,9817347.16608047,13150694.4817673
2140786.71013153,3019479.88820532,3500138.13272345,4009699.68313019
1106262.24111456,2645865.65281718,3640158.87246233,5673782.58511734
471480.233061843,1134209.36505146,1927657.74498761,4088516.50892258
348251.497360468,681716.088068962,834765.483074531,1106400.7523075
542949.869445801,739724.101185411,856903.095107555,933116.223770142
958039.783161163,1244534.7274971,1374981.37859344,1451939.30081177
855559.221019268,1267633.10548305,1520367.99924088,1771423.5631361
1298049.03899384,1758828.67383766,1985208.32228279,2223136.99073792
472370.927198648,712189.613497734,889480.838214874,1131547.12699032
792511.093676515,1223591.06614184,1533085.22361422,1874155.63455772
1157872.20552635,1553396.75797653,1807604.60604095,2087166.55698442
1786831.9631443,2378668.8938942,2767611.61425781,3167486.30472565
5154022.2978753,10025822.0674892,14856006.4541112,23942350.0272979
610695.952911377,755293.897583008,838630.538696289,926326.212158203
609614.257101536,932828.798427582,1196684.04164505,1592224.03823489
738732.493965387,1184797.5897274,1544404.26047516,2077320.22509766
5208807.09119901,7547891.97900322,8901247.58387518,10445183.0750394
863312.567585945,1178711.64539719,1394993.22090912,1609651.22839737
2806218.7780093,4190066.58084726,5154290.348887,6167651.99108356
294418.030799657,606042.116455972,909387.543439865,1481074.45981789
1847176.87240887,1942730.11786819,1943175.44698054,1839558.49308777
2809741.33856976,4168253.71631068,5169448.18975067,6678958.8512975
419033.338607788,643442.98415184,810722.416130066,994818.18453598
796102.046613693,985006.373693466,1037208.35151291,1059817.00725937
769740.320142627,1219203.24805403,1568629.52542472,2006142.11353779
1049433.29026365,1267584.91392517,1343469.85189247,1255281.52930069
826862.8542099,1175768.60681438,1433179.83149195,1765134.90874481
1391675.61429339,1912351.23307052,2143767.82219666,2372502.21141863
851167.807321548,1461897.04070663,1998230.24441099,2886468.99423599
1823601.96595383,2245139.1662674,2373683.90304375,2413647.69941521
12719281.3371258,21524393.2484884,28542178.6627969,40589878.1017723
488652.729812622,755843.277163029,925412.786436081,1133016.12609673
671597.961606979,933061.548919678,1118386.60966206,1234633.13034058
639005.248416901,950898.651582718,1117133.33397675,1379759.3832283
722179.403855324,1138842.41129112,1411855.98039913,1856282.54925156
789145.011696197,1092410.26506305,1294619.38150293,1540713.6749236
3515438.67868943,4620189.51015329,5367794.565171,5707660.31698513
1153546.18266678,1580839.45080948,1825529.1341629,2113534.61452103
2309320.23105431,3516860.37914276,4372280.87546968,5293804.07236767
13574919.8462808,17192250.1991882,19381540.238664,21620289.2794609
487773.677281603,723063.555532843,884463.138347149,1083939.65682894
165555.388019085,940302.206108093,1563040.35082102,1825592.24634552
352982.73632884,811733.645368099,985424.111514807,1312910.66527253
894946.827573627,1941109.88435793,2485767.82619476,3517161.71914101
437914.670173168,713981.7247715,1014934.38058996,1435493.80143929
536600.039140701,759878.255897522,955697.029006958,1154995.68910217
456782.440963984,668777.139987469,807267.026336432,967286.335303307
1204584.40537453,2291022.97636318,3337148.46058083,5474488.34063721
496274.601385117,841236.942614078,1115453.51240444,1510974.26000977
1618186.02166867,2166795.68614578,2529757.19550872,2908827.81965923
1451357.72053677,2828412.39171028,3874250.47184658,5353038.29283188
486136.080226898,778943.135002136,937240.63819313,1051009.97162056
321697.159085333,517494.912473798,675879.217055798,930199.985559225
3104699.65532881,3631525.32366597,3930564.95529542,4530296.31442615
415383.853507996,626502.833305359,794313.601745605,1010641.6207428
386689.944270372,734128.984303474,1037987.81480193,1591694.73982859
719229.879416943,1089285.28258324,1390160.16212082,1775255.49769211
563151.429084778,899001.357688904,1176134.31950527,1539255.3808316
372236.719873428,666290.675966263,931587.268071175,1410559.27087021
565526.696145922,878715.413035303,1112749.26152235,1434153.26646626
13575761.0299755,16861120.0637249,18473287.1683636,19559564.0339092
1125502.4471548,1553846.30700958,1820487.34694386,2130628.31463242
12479102.7196921,15936624.1165913,18376186.4776947,21755882.3649459
259967.857202977,1489599.42398643,2116054.88104057,2769341.91281128
2026579.93332553,3405262.19700503,4620593.65553951,6656508.87997675
886106.568660855,1014551.5265131,1057371.0799334,969579.546292663
866593.916081071,2092803.12387514,2818206.07968593,3847330.72640133
205534.466103137,383805.371966362,592234.814072609,1116872.36352921
755938.863083124,891963.274160743,964447.240375519,1018848.22857189
961460.827740669,1279298.48311663,1443972.66855383,1603231.31692028
585664.357513428,834421.911193848,952727.436280251,1059904.25982666
4074740.58111012,5390103.33058369,6444336.10358179,8135155.3712368
166921.813723683,1468137.67028809,3175492.34422874,5686185.43500328
876912.923107147,1098251.36667412,1243990.34352303,1356195.30017109
255990.916725613,506835.169527262,705283.246736288,1003279.35814857
440115.395202637,611658.240203857,701342.287841797,1014460.1583252
1650332.03473169,2909787.87899673,4215019.28909588,5824720.87329662
596211.160999298,1086989.56906891,1651424.98362446,2537059.58540249
214511.043367356,553452.948058128,789148.451275431,1056211.31441879
330418.356552124,504726.596441269,659340.457630157,1002133.09927368
1109315.6292429,1700780.16622448,2204702.34980583,3358309.54798889
1575940.79772043,1971222.52748108,2265926.85682297,2674360.83625793
396265.231389999,641163.831257343,790782.781348228,998560.776176453
5310035.9334306,12220121.8169097,16638130.9140151,21691140.9203276
1471781.51985717,1646273.95269668,1695155.74557614,1675634.76403618
2850083.35879691,6103105.29295878,9066145.63522172,14730839.4277878
377426.480046511,540036.419239998,720318.993041992,1113942.94446468
2079586.86831851,4141892.60420406,6246013.73656035,10631615.3677444
4613070.9729369,6463883.95866676,7913037.5653162,9992602.37643671
464748.730280518,805893.517068624,1283739.63754487,2968307.4484539
768658.764621735,1066379.92583084,1224495.33514404,1396068.43083954
202160.286269665,536545.928122401,1041002.43631458,2704697.05878448
550243.508080482,810912.121997133,1113173.05047905,1775331.71621305
592848.376833916,863839.812061071,1018602.42446327,1145288.92163849
356549.941779137,520809.526750565,692163.168448389,1069539.39924264
1353665.84493399,2100232.58172035,2763451.49443895,4158609.06991422
818689.662529409,1127418.73067904,1319327.05463409,1521872.49897385
1235133.95188904,1362921.91944885,1376322.50754166,1217014.16264343
680444.281296492,808531.924432278,1173141.28044891,1816032.36634302
850188.218374848,1062218.64592028,1116792.62547302,1165506.03875732
1562217.36528397,2048499.84415436,2140978.89971161,2209628.74772412
425582.22642374,724249.397136211,948249.212942123,1274814.29284286
1092075.70523739,1552150.31486464,1858008.31952381,2204879.74333715
925277.515220642,1326983.64080811,1572117.42359924,1912315.74914551
712976.064928055,955254.280883551,1135122.7047348,1267905.12786102
1929665.43289173,4404508.11746929,6757433.77554297,11488340.145607
1429522.59794235,1636118.06928253,1551710.40306091,1611773.71074295
788691.762490988,1271552.48586202,1629137.0502207,2141736.8820076
622158.704408646,887671.408601761,1121292.97948456,1601675.61514854
2041888.70721436,2635963.68164253,2920814.30041122,3104241.42665863
388398.520368576,621092.648137093,771548.604036331,930724.06908226
590176.580018997,766102.790641785,850283.750999451,921013.601257324
307856.776854038,963076.174091339,1576100.03806019,2678295.70053101
686155.498013079,1038942.24793923,1287274.96005559,1678999.32152367
521877.530990601,740938.376861572,848520.421600342,965075.992584229
976800.223277092,1343189.8424015,1626778.90698242,1861671.6156044
879670.095733643,1278220.23453903,1562089.38829899,1872297.8925066
1943786.33245778,2327510.43733764,2501487.38891029,2546842.77984858
665287.818340957,967649.277225018,1492016.9450016,2469835.08375549
981415.35652113,1143202.24201107,1154353.35402679,1044045.44907188
203902.217912674,401373.942691803,615903.869873047,1094636.59741211
55087.00785321,202974.27755034,443277.980911732,1450169.06731033
442101.536969662,662747.280993462,835262.145924091,1119523.74284458
1544439.671731,2115285.09659195,2795253.28202915,3830787.81943512
1694575.50099158,1937413.17206001,1995897.63245964,1959059.56647682
1772964.83232307,2025818.322299,2027594.50565338,1961463.35387421
413469.34214592,599831.427788734,750636.245737076,1039258.43873596
359734.390084684,601217.146799564,670718.773078918,1190401.34466553
922834.547337055,1633358.4462471,2153831.70411205,3164714.63008785
452352.447937012,686273.510173798,817900.583282471,952630.78055954
637618.793395519,997899.962048531,1524438.9113102,2954547.68358421
3976311.78084373,6038808.28538214,7825961.77210733,11575042.5302912
2545469.08783722,3617313.13490963,3947573.85277939,4303602.50673676
396349.977416992,583190.48604393,715213.619474649,977850.803873062
793476.576668262,951493.58509475,1187203.44985235,1752804.32746267
304308.714320183,488567.687364101,767217.893526077,1421575.99775028
656487.082742691,929976.511780739,1147885.77440143,1550238.77167892
1615105.10381603,2461340.1040287,2951464.61619377,3418610.25419235
560099.914605081,875365.21738112,1181204.14999151,2142500.87071896
1328324.22626507,1847448.37936282,2268802.90786815,3150801.68906784
621823.374438286,931739.365862846,1182196.27303696,1713470.69197464
1044100.76916236,1919747.89879715,2752349.08028221,4412617.47174597
333577.282978058,499576.50259018,654608.777501106,984279.415390015
1221869.11961079,2373635.05700493,3292603.04922581,4551850.27315521
472022.093959808,691113.546473503,860462.200744629,1195860.04122925
395337.899932861,597248.487609863,775250.163299561,1159890.3353157
3186123.31211352,5281648.06477213,6718665.02665186,8608815.4142313
377722.590956688,578950.268053055,753798.569850922,1024435.87788773
472837.943025589,1015332.5004406,1605427.55910683,2965132.81595039
604849.654164314,1161802.39206731,1800582.49654293,3465247.20558167
2102249.68094611,2961371.78393745,3445931.46792221,3956182.69620895
1195758.165061,1762845.39208603,2068500.74750519,2323111.71055603
1942555.31364536,3255601.77099073,4478417.62875456,6339649.04303932
557499.699268341,894912.642578125,1044851.60333252,1503034.85449219
2563411.75514126,3600474.87928158,4777838.77689385,6920918.42518044
52677.3734435439,183075.969208717,369189.346048355,953793.631263733
374338.995677948,662850.037319183,944596.343475342,1505135.45028687
166793.096056163,368313.107524872,564149.036212206,997682.280382156
766405.396351814,1305136.65023136,1885534.66076374,3483365.26409912
858479.715986967,1328084.8095212,1692608.28539658,2254137.19503021
244097.680858612,464374.487033844,642408.585710526,993545.394199371
466368.102092743,675261.853457451,800904.88898468,940949.226455688
870663.916807175,1719461.13740158,2478784.98904419,3986169.9682312
1036815.473701,1484841.22384548,1760245.8539362,2087906.90559101
381716.34269762,578063.903512001,649205.914207458,1114831.50677109
1218397.39701176,1787612.10904121,2191582.16325378,2739452.60995483
496693.182872862,778972.5326114,979918.288722962,1277592.57542723
1664458.95041656,1982437.29929161,1990895.91113943,1910182.81375122
589906.66548872,1039052.36922622,1405518.0815146,2016986.56065321
425812.093101501,633250.816643238,745163.875534058,919312.007971287
1417220.47198111,2134000.13146549,2600824.86318135,3204985.58121669
294548.773850203,531727.158266068,712864.660959721,1033983.6842308
818661.020542949,999390.298100948,1203009.64789581,1636003.27111053
3325277.10399914,4241545.44941711,4921631.15727723,5622520.28578186
927496.647491518,1436870.07864277,1731902.86389758,2203262.60390282
254401.429149628,485335.144197464,685281.171995163,1091523.12327194
112606.009729385,268004.279403687,469918.808410645,996322.038391113
744691.976890564,1316330.38651122,1908317.76047492,3024105.37036374
1118891.94772434,1388234.44681931,1534956.19586468,1619474.23403263
1357886.33112049,1619407.67545778,1668167.6197958,1659607.81331158
12824942.9814661,20458287.6205814,26260542.0703582,36312538.7724905
1319940.0931263,1270720.71531391,1305342.63833094,1263928.68629646
465627.428463459,1208632.56226158,2201817.31882572,5345514.63045883
1890835.6402998,2156476.54993486,2173651.03761864,2047860.11927235
3626769.20232153,5344864.02048874,6503172.03746033,8181546.40896893
357793.57070303,567730.726037741,715994.940714836,929835.568365097
744505.428855896,1013796.60562897,1211484.91967392,1412270.76701355
1928160.72120708,2434958.03964967,2781892.25632717,3077248.08461044
1454752.15736008,1972431.75187922,2067592.19217682,2166830.63578033
925084.178582191,1227098.76423645,1326308.42633057,1355246.36821461
3639733.61545563,4456681.74332684,4815005.79237366,5098559.84008026
5212289.71996599,6735395.29435158,7545605.51664734,8352589.50448084
1932502.07891762,2655582.36067796,3048483.45522213,3430754.05062687
892749.450397491,1246843.7451458,1353470.3188715,1356771.37368369
374958.697944641,594244.011154175,743603.863006592,969440.219490051
432690.746754013,809226.241185725,1150227.34294939,1878235.76387691
1776.83452876093,58125.9400433302,488036.725943834,6786991.19411945
439011.937063217,666863.386431932,825871.687742233,1029492.67252541
99462.1717393398,337994.161233902,753144.378514409,2245426.72934723
3718226.15818038,5705942.088224,7103700.54829964,9265580.49879904
1598795.72853947,2246675.18355942,2618579.06208032,3030495.64372298
271478.380480677,727540.40306282,1189243.52273941,2381620.73738861
374816.422265053,636171.207437128,839534.139926434,1158153.33851784
1024726.25799298,1286765.91155243,1467439.65108725,1699529.36561666
645853.640941247,1064537.7308996,1381671.6334393,1877864.81646633
394309.389778137,625513.710334986,804804.30594635,1091206.70390511
528717.805113822,858445.636932611,1130667.94913483,1557362.93301773
765397.638447523,1322060.5544672,1573937.31305504,1934204.5042572
313517.954688489,661432.488039702,1089128.16626167,2148583.73257828
2224603.28068434,3076114.9205842,3547134.50105184,4038591.73459506
521352.202372804,757738.107866347,902624.870156705,1076799.09719551
871203.532092094,1229706.60851359,1434818.44725728,1654401.91995215
635600.640413523,944858.756201744,1140714.82821083,1396669.83950996
5815734.82235241,7853170.71893716,8891629.13036585,9798104.8010149
10677361.6316759,14720332.6349625,16916502.1650348,19114337.2031496
649014.652989507,846597.727509379,938326.424725473,1003921.71424317
817762.91558373,1236287.86094856,1562044.36071444,1968288.15058517
1205292.0566687,1718112.62767625,2016333.22364593,2345494.6650207
333729.611144841,651340.889808595,955061.268938303,1473571.49509597
979303.073101103,1237819.32296407,1656324.96824312,2428912.22070694
1600849.34493351,3025150.21741548,4345203.01111524,6516134.23485793
575068.167982027,706280.775116697,788924.411549747,990070.336659811
1448357.71252593,2096097.89517541,2512900.2569128,2867061.59693342
1197857.89701891,1544430.09534705,1693401.63356864,1776855.96150708
1080158.76476407,1233850.16583204,1301823.63207388,1365994.51981163
729409.456364006,897788.169746354,1003109.49310489,1258344.09530747
599632.547938347,754541.670114517,832821.10736084,937975.566467285
836585.823928118,974710.860312462,1037130.93544674,1099815.96117973
4436503.98703742,4989568.0942173,5451825.76553535,6336005.24494934
2171953.99230575,2672847.74427886,2986703.79362938,3745334.88847456
978215.155076176,1767886.18033937,2460810.83794606,3511853.32665148
963965.827315331,1239518.88294601,1320565.42275715,1310838.77151299
8239803.38657678,10330684.8060961,11710710.4873962,13906506.0179796
540221.706367791,664453.893787146,742313.92929709,930902.88598299
570349.380628319,691484.250049155,826138.339967538,1034100.95729606
2008709.4361187,2472023.35166369,2764161.07581316,3468083.796115
