evolution$generation,evolution$evaluated,innovationWeight,innovationGravityDecay,innovationInnovationDecay,innovationMutationRate,innovationNewInnovationHierarchy,innovationEarlyAdoptersRate,innovationUtilityStd,innovationUtilityDistrib,ecoWeight,ecoSizeEffectOnDemand,ecoSizeEffectOnSupply,ecoGravityDecay,ecoWealthToPopulationExponent,ecoPopulationToWealthExponent,coevolWeight,coevolGamma,coevolGravityDecay,coevolNetworkGmax,coevolNetworkExponent,coevolNetworkThresholdQuantile,objective$gravityFlows,objective$oppAverageUtility,objective$averageDistance,objective$giniEconomicWealth,objective$oppWealth,gravityFlows,oppAverageUtility,giniEconomicWealth,averageDistance,oppWealth
5000,5000,0.05,0.01,0.13542057288702666,0.21176591170074066,0.4734020626198041,0.6364236642013412,1.2268812467930457,normal,0.025060504000069133,0.2119618275432289,1.3491533204342945,1.279002680621111,0.21415968848032835,1.4330457804956624,0.015655701399174906,0.738784939630995,0.891304941124749,0.0076221662925850505,0.10982153894999233,0.5409728525108738,5.6552085182602E-4,-1.7043629520868033,0.0672618813661012,0.9213550450137973,-7020.551735284565,5.6552085182602E-4,-1.7043629520868033,0.9213550450137973,0.0672618813661012,-7020.551735284565
5000,5000,0.04011610580886608,0.9911557796631181,0.23843274345433935,0.29238650149166234,0.37723937673265373,0.5881832628288178,1.3072650621245234,normal,0.035181964729674164,0.1022711338780048,1.8481920436256316,1.2319081554714528,0.5469331995779669,2.0,0.011935306616134385,0.2159858039205212,1.4707227811426669,0.027814202844162333,0.2246321951273872,0.46919407987422,6.267849609806319E-4,-2.241597025085813,0.12921057854707782,0.9197185877854328,-12571.18714435594,6.267849609806319E-4,-2.241597025085813,0.9197185877854328,0.12921057854707782,-12571.18714435594
5000,5000,0.0,1.1339991587538827,0.8531677357498351,0.3490770083329163,0.17291444976369275,0.5020816011641439,0.8183423843428868,normal,0.03669288596223188,0.1,0.10955429284721593,0.01,0.13916371482374362,0.5277342991817552,0.0,0.10388251588417939,0.01,0.04141431440231436,1.3478381381139837,0.448590195799074,1.5128285681588032E-4,-2.0079844069637063,0.5240302391129092,0.7060783066090244,-4861.2963916287335,1.5128285681588032E-4,-2.0079844069637063,0.7060783066090244,0.5240302391129092,-4861.2963916287335
5000,5000,0.05,1.2041345003900796,0.3214641040008474,0.3263678758913346,0.1657461710515427,0.5712694356152884,1.9528121581383067,log-normal,0.01691299137286561,0.29470785922693826,0.16986294684501607,1.5,0.10394399890992333,1.915268129150767,0.048343699484619786,1.679969137289867,0.3786448147062678,0.025109433345380124,0.4002980811792264,0.46037731692427497,4.956579745743173E-4,-7.072478496909721,0.09771435197906951,0.9572730666467832,-5963.550244437645,4.956579745743173E-4,-7.072478496909721,0.9572730666467832,0.09771435197906951,-5963.550244437645
5000,5000,0.0015318583511831566,0.04185678472678773,0.01,0.36428948229197444,0.11881116175061959,0.6147825882997497,1.5032031124612457,normal,0.0352581645537908,0.10936875829659884,1.2024169313779256,0.01,0.45581031948927087,1.715355570455964,0.005439376019175775,0.22118636104163575,0.01,0.04871664896949099,1.055925950217257,0.4412591290029595,1.4069391772106756E-5,-2.8278485769921953,0.45998998594672835,0.937293376138224,-8570.107608497643,1.4069391772106756E-5,-2.8278485769921953,0.937293376138224,0.45998998594672835,-8570.107608497643
5000,5000,0.048870018529466513,1.1872629071285459,0.30369352889290774,0.3384335369368568,0.164404881949056,0.5780165164472135,1.9720443439850783,normal,0.016249206742504827,0.2814072782637569,0.20177509605687954,1.4862861832087821,0.1010011787459119,1.929191916538484,0.0470532675122343,1.8079676708175003,0.37609003228506205,0.024792160988642092,0.3410986793819599,0.46554926817733266,4.4328835636426336E-4,-3.2883562542831393,0.09239440084260452,0.958817768401254,-4827.710434329811,4.4328835636426336E-4,-3.2883562542831393,0.958817768401254,0.09239440084260452,-4827.710434329811
5000,5000,0.01977507288822863,0.25167820058769164,0.05035926060891777,0.19752950199235808,1.626790887050507,0.6557936037968575,1.2884642097958432,log-normal,0.016817404273382977,0.10013614322280165,1.9571501069681292,1.3898477875775213,0.16288902867893407,0.1,0.002736904047210508,1.2195697112318682,0.8724887843473377,0.00916879942099863,0.34926959513215533,0.13004501943508612,0.0011985538849190397,-0.9636703032528795,0.16061510206748897,0.030244266547493064,-9165.28468541093,0.0011985538849190397,-0.9636703032528795,0.030244266547493064,0.16061510206748897,-9165.28468541093
5000,5000,0.0,1.1290670839000878,0.845524729445667,0.34647056283685507,0.18093391468374337,0.5112174871239304,0.9483467674932333,normal,0.0364189957005927,0.1,0.14186017119410618,0.019146727729126727,0.24431658667096406,0.39364976675045105,4.10937756842426E-5,0.10000277467031836,0.014995841342641718,0.041520598006096664,1.294619745242589,0.32869374547344854,1.5791682540114595E-4,-2.3381017555421875,0.44959087359348215,0.7026375348912686,-3786.530235254253,1.5791682540114595E-4,-2.3381017555421875,0.7026375348912686,0.44959087359348215,-3786.530235254253
5000,5000,0.025843931514516034,0.18908528820074227,0.01,0.1752988453242532,1.3032230016756112,0.6552830783061274,1.2313998541561604,log-normal,0.020638757324407057,0.10461420865066116,1.821065660002184,1.3668595007150022,0.12100368737196437,0.1,0.0029387081255670133,1.4743125627500313,0.9473213177754047,3.714538271241889E-4,0.24358656955313937,0.16584104337219724,0.0010189603753760605,-0.9469991369842559,0.15560314455380508,0.03782841382053561,-9575.588957058773,0.0010189603753760605,-0.9469991369842559,0.03782841382053561,0.15560314455380508,-9575.588957058773
5000,5000,0.03304755279652626,1.0860467540952972,0.8589107153700002,0.4548499228582632,0.1787812661256454,0.6568966944965757,1.4188327690865359,log-normal,0.03051769639112282,0.1927897472813432,0.7120506311684731,0.03812269036407235,0.1,1.5860423049380812,0.003387132122967675,0.27516317705349136,0.09002328607919124,0.04767557832771579,0.9981655676304613,0.269809759142727,2.6213834261232607E-4,-4.0165232105185,0.14375245961549726,0.9477934581552043,-5717.1690371302575,2.6213834261232607E-4,-4.0165232105185,0.9477934581552043,0.14375245961549726,-5717.1690371302575
5000,5000,0.008093247648012749,1.0263544773227833,0.8954069351106324,0.5,0.1312272358887972,0.04783953295671082,1.6312977724163402,log-normal,0.036031162843552844,0.10003484679747472,0.6443041718814412,0.3307567121273483,0.11353084679835375,0.914244645077341,0.004407605914249278,0.5128662048417314,0.11108751005981103,0.03958751223700563,1.9354167586147244,0.5485578597847599,4.2364098499602304E-4,-5.925375361470193,0.3978499085804893,0.8532969034921523,-5418.25275677297,4.2364098499602304E-4,-5.925375361470193,0.8532969034921523,0.3978499085804893,-5418.25275677297
5000,5000,0.04887450310437081,1.1915165945535389,0.3031537312295617,0.3380022729226261,0.16440275932527934,0.5781909102629048,1.971497792434412,normal,0.016335750087033293,0.281337795829666,0.19571141193472857,1.486334765483512,0.1009007917919777,1.928942454622711,0.047004588803340894,1.8068118140045633,0.38422326207254265,0.02465952631746169,0.3399039939268575,0.46548390546984453,4.217033636702142E-4,-3.1356576465877146,0.09779478083518434,0.9586047587011954,-5069.175896821102,4.217033636702142E-4,-3.1356576465877146,0.9586047587011954,0.09779478083518434,-5069.175896821102
5000,5000,0.008175086788490743,1.0029367974925225,0.8941956694268478,0.5,0.12357720944863933,0.01,1.499498100451656,log-normal,0.03595036956436248,0.10200428874705487,0.681499419839081,0.33898953939680604,0.2724030247450378,0.9075153135163277,0.004007180322728716,0.5350958968206478,0.11051408727680745,0.0392812512855516,1.9770786674773777,0.5554864816962796,4.3948080013629865E-4,-6.1333125971937905,0.44103293395130283,0.855257213911873,-5268.490451232347,4.3948080013629865E-4,-6.1333125971937905,0.855257213911873,0.44103293395130283,-5268.490451232347
5000,5000,0.0025346260641295935,1.131356732960162,0.8531946247978082,0.3536324548762207,0.16876943835680353,0.54708713108891,0.8002155849097448,log-normal,0.03652051721186948,0.11636884268907152,0.1,0.01,0.13879367885943728,0.42907801780097554,0.0,0.10887931054669349,0.01,0.04213949930926164,1.3494520764709814,0.5756443034284882,1.9079799148415184E-4,-2.012320495367122,0.4864540759778166,0.6844209761800422,-4364.318501986623,1.9079799148415184E-4,-2.012320495367122,0.6844209761800422,0.4864540759778166,-4364.318501986623
5000,5000,3.123875326502879E-4,1.1131432760522508,0.9094010857684606,0.3500070348650502,0.125072040724647,0.5040029102972423,1.066624039033151,log-normal,0.03576634538202396,0.11015896620236221,0.12010033650673946,0.022615771360599512,0.14478549935378413,0.6544870034671674,0.0023598623819240474,0.40278169673681197,0.01,0.04626439276094816,1.3729927456151387,0.412683427865577,1.8844879756073487E-4,-3.3337155264825555,0.49169751649896587,0.7895155841291782,-4547.116654612475,1.8844879756073487E-4,-3.3337155264825555,0.7895155841291782,0.49169751649896587,-4547.116654612475
5000,5000,0.049957447546278365,0.9023578678926003,0.1689371274904372,0.20707592985962753,0.11903810622556085,0.04358964662831293,1.347811093711511,log-normal,0.037218823314942105,0.10055031016270531,1.9384811817412333,1.47029121406059,0.7745169404908228,1.6095980602033595,0.001748930831685801,0.13541082300440285,1.3992209040802697,0.02610616720251878,0.5994487199039884,0.6054509729858908,6.546878179475902E-4,-3.0614122427547654,0.13453028712449475,0.8504246847150972,-10376.052226825406,6.546878179475902E-4,-3.0614122427547654,0.8504246847150972,0.13453028712449475,-10376.052226825406
5000,5000,0.05,1.2076527592344743,0.3223618091121241,0.3219043696395835,0.2993817330214139,0.5792906854896777,1.9526513198598898,normal,0.016842910451185737,0.2935813168451344,0.17414230681559037,1.5,0.10410743326226121,1.912656235455871,0.04859480850644155,1.681437561354576,0.37100905773869103,0.025128000461535096,0.3915228028832137,0.46138055802059585,4.4637895330392065E-4,-3.1929056494550174,0.09916722722762628,0.9574383407140561,-5813.700842056804,4.4637895330392065E-4,-3.1929056494550174,0.9574383407140561,0.09916722722762628,-5813.700842056804
5000,5000,0.0011204022721942122,0.0234342306155251,0.4251623245549754,0.3689140035600991,0.1,0.6309664254386271,1.4097162840634438,log-normal,0.04475847867955274,0.1,1.9809792271270927,0.1394918813085126,0.2642646104075272,1.2885751107599892,0.0019400602376804358,0.3504547122744325,0.024252364000622157,0.007334425333512329,1.9221669771811845,0.4835838127073129,1.0735708442375212E-4,-3.9557527944161857,0.4412651103066531,0.864381023186674,-8962.348176023002,1.0735708442375212E-4,-3.9557527944161857,0.864381023186674,0.4412651103066531,-8962.348176023002
5000,5000,0.04967574559439504,0.8572497880689705,0.16465522934417048,0.19554594873225714,0.1,0.032509536596766996,1.348586782315132,normal,0.03718246154851407,0.10037634438371033,1.959498731942662,1.4595713967407904,0.8008772390682116,1.4282115738868486,0.0018794772473829753,0.13802219457380002,1.3018452497434811,0.025474784669105927,0.6116989059300054,0.6278317494390593,5.270957083265864E-4,-2.505759110608623,0.11458760459095252,0.7911681766351307,-10558.191170825765,5.270957083265864E-4,-2.505759110608623,0.7911681766351307,0.11458760459095252,-10558.191170825765
5000,5000,5.678910719454387E-4,0.010547197702857896,0.42266346557823287,0.369680601059683,0.1,0.6297697724239946,1.415948704658509,normal,0.044873871676910204,0.10011129986428009,1.9977934980409788,0.08130803006877005,0.2585314492637074,1.2917201612841283,0.0017714777063339276,0.35872781658588415,0.017520357731451774,0.00763719973487664,1.9598542014882825,0.48351171492030665,5.563146983315125E-5,-2.8173111245094464,0.427260975766497,0.8782531160819128,-8457.138592515312,5.563146983315125E-5,-2.8173111245094464,0.8782531160819128,0.427260975766497,-8457.138592515312
5000,5000,0.0,1.055862418357713,0.8635710590102338,0.3503253081908328,0.18277433057710518,0.511863828806784,0.8073144795397771,normal,0.03694558563796935,0.1,0.1,0.01,0.1442509224849337,0.47849581080234693,1.842518114149169E-5,0.1432080315775094,0.07785105176777604,0.04185542374354382,1.3354259700539914,0.4549546180370342,1.9355355446986947E-4,-1.9342064611035958,0.49814778336157106,0.6748538930681292,-4921.303904074019,1.9355355446986947E-4,-1.9342064611035958,0.6748538930681292,0.49814778336157106,-4921.303904074019
5000,5000,0.0,1.1046090496645282,0.8454538558619241,0.34850276873252,0.1807765566328365,0.5154961469227534,0.960067614062475,normal,0.036360463403849304,0.1,0.14176961515402153,0.022528628996772833,0.2445357101425022,0.3980187318874203,0.0,0.1,0.010296085014519311,0.04141787016977191,1.330242528546767,0.32842301670729823,1.7012064213208167E-4,-2.202992614934475,0.4672913264067574,0.6956869458699181,-3942.0040134740675,1.7012064213208167E-4,-2.202992614934475,0.6956869458699181,0.4672913264067574,-3942.0040134740675
5000,5000,0.02792436993041454,1.075260071342037,0.8860599608896156,0.49393918656412333,0.26344967311530043,0.6505620389474625,1.4474689702108,normal,0.032867904661055214,0.1825620053818619,0.7377483690758154,0.08899566524605579,0.14237257941303222,1.5933742469928112,0.0,0.17065942680919302,0.010303255746054374,0.042853669562335564,1.0389117201856277,0.2825934537540465,1.7892439750348858E-4,-2.604615399426019,0.16185770175501052,0.9432278953473678,-6669.63589580047,1.7892439750348858E-4,-2.604615399426019,0.9432278953473678,0.16185770175501052,-6669.63589580047
5000,5000,0.04275055815497955,0.8867493357865152,1.0688417832804185,0.4442821950451716,0.1,0.28726050455761803,1.4725317074866404,normal,0.04460305743979561,0.1,0.9125076726225648,1.2321803456902287,0.4740773502184338,1.9868377629589513,0.0019740548456021988,0.10113609549565374,1.2858479661616642,0.035862988720005616,0.4881555809136565,0.8434578527094392,5.125317814765943E-4,-3.121426472426541,0.12781300260761652,0.9311153331788978,-11297.509184162474,5.125317814765943E-4,-3.121426472426541,0.9311153331788978,0.12781300260761652,-11297.509184162474
5000,5000,0.026081753427305912,0.25792978046765125,0.08466704241800714,0.19475594588244882,1.186855607305385,0.6682014421287533,1.2175560673369532,log-normal,0.020079098354066034,0.10057537226752432,1.7054412658839309,1.4009067682377419,0.1,0.1,0.002708672360222652,1.4601115575913677,1.0062967533386897,0.0,0.30024326262998,0.10249163263678655,0.001040476860729418,-1.1639953009661765,0.15911911015959457,0.03492526085712502,-9091.37478771727,0.001040476860729418,-1.1639953009661765,0.03492526085712502,0.15911911015959457,-9091.37478771727
5000,5000,0.03048701824683749,0.26705323653290874,0.33138490577968266,0.22865915898916642,1.747098401029195,0.7808733175736737,1.3776967375530633,normal,0.021892423956215847,0.10038304749094433,1.5486082109633637,1.0652678852304875,0.10208115473355728,0.1,0.003462162988938755,1.0765689067655704,0.9911607317219433,0.0029326453925939524,0.1,0.1,0.0010165230827728013,-1.7270247938442376,0.1215414256628971,0.039199028213597664,-8853.045187057614,0.0010165230827728013,-1.7270247938442376,0.039199028213597664,0.1215414256628971,-8853.045187057614
5000,5000,0.027754538002613974,1.0770161626147783,0.8435694966953928,0.47570551064832406,0.2642276361494665,0.6517064520992499,1.4463682722913516,log-normal,0.03284119246615947,0.1827142040270648,0.730453174379085,0.026043629543591018,0.14348466196474316,1.6280930659812314,5.030663953441676E-6,0.17507498492690346,0.020031997782822056,0.044446412004060146,1.0622211625791846,0.2708851516877116,2.5301124486042754E-4,-4.283149091056417,0.16807129259980905,0.946173406451708,-6469.89181677986,2.5301124486042754E-4,-4.283149091056417,0.946173406451708,0.16807129259980905,-6469.89181677986
5000,5000,0.027746238668059944,1.1167595353115753,0.8815694319381436,0.5,0.21642327373990228,0.6506485171921375,1.451361655283996,log-normal,0.03288240755783302,0.18502856047629823,0.7179107454995408,0.08940856665238593,0.1440308450959987,1.6101777336416827,6.393664636334283E-5,0.165421903991126,0.03005081889421167,0.04277275725300938,0.9814816807306194,0.28582352452649096,2.2139705031689648E-4,-3.831480737361617,0.17224870228570108,0.9451939095477733,-6566.522018149615,2.2139705031689648E-4,-3.831480737361617,0.9451939095477733,0.17224870228570108,-6566.522018149615
5000,5000,0.02701630879804532,1.0707316768806798,0.8590963416367402,0.47693979832797,0.1980584524218752,0.6526574185303384,1.4308110920465105,normal,0.03176057416646617,0.19379335777235995,0.7109362793415527,0.018630979338215413,0.10114821631035417,1.6828354256392157,0.0034338197693698546,0.15739451938494484,0.019800904648365824,0.04855946499346069,1.0087293110343265,0.2438271871133582,1.3471864689975006E-4,-2.906950432687327,0.16551837232491523,0.9497551077039852,-6254.566643656357,1.3471864689975006E-4,-2.906950432687327,0.9497551077039852,0.16551837232491523,-6254.566643656357
5000,5000,0.038227844041398576,0.861038438550509,0.014623655197861615,0.22720657537607186,0.10433728573473629,0.3436983577249949,1.3138265537979192,normal,0.046158604080622966,0.10259830567529617,1.5992413855669314,1.4517515074790532,0.1620782549601844,1.6698003703528512,0.0060236283592039405,0.20507695797872794,1.0457299960232553,0.01844880727248267,0.18325473836598555,0.2814640631478179,5.037607977458939E-4,-2.4054302775136147,0.12539434535844132,0.8828929160831842,-11663.726961587967,5.037607977458939E-4,-2.4054302775136147,0.8828929160831842,0.12539434535844132,-11663.726961587967
5000,5000,0.006998223342645816,0.01,0.4610560633316009,0.35031849611930693,0.10002664695917854,0.6459762766621242,1.3971009064946984,log-normal,0.04598433416787857,0.10106830162765151,1.9116517204034085,0.24058470913600843,0.12089029690209618,1.3527903040487586,0.0,0.3673460718271486,0.043665276624923435,0.0016998523319466106,2.0,0.47844054170318373,1.6685167768887746E-4,-4.015415219638935,0.33571079732744835,0.8362811898115512,-10601.5027944883,1.6685167768887746E-4,-4.015415219638935,0.8362811898115512,0.33571079732744835,-10601.5027944883
5000,5000,0.027701326305312513,1.0756082076269446,1.024682197152558,0.4850136937141372,0.25880222721074,0.6506404051797295,1.4442401562547271,log-normal,0.033310798414944984,0.18075602161658105,0.7680751854382979,0.16013845541391436,0.17598352360762426,1.6053941290439968,0.0,0.2520028172577236,0.010296525878546927,0.04357303013393743,0.9100963196737402,0.28013761364942835,2.9536386915641837E-4,-2.83157694627599,0.16872136758258688,0.9406627442190032,-7241.030869447088,2.9536386915641837E-4,-2.83157694627599,0.9406627442190032,0.16872136758258688,-7241.030869447088
5000,5000,0.04816409443983128,0.9142055652991962,0.3299456075583186,0.33520154498821153,0.10402193405288115,0.3909328608607289,1.7625482123874876,normal,0.05,0.1083539434768472,1.1811200678445175,1.1267188964367467,0.7168123466281565,1.7935614156155226,9.677948069732178E-4,0.1,1.2770370137830098,0.024994495280172627,0.9144358877958613,0.8905544659723741,5.128127085578691E-4,-3.1144703142173134,0.10570890689578435,0.90987161236574,-11421.722319539556,5.128127085578691E-4,-3.1144703142173134,0.90987161236574,0.10570890689578435,-11421.722319539556
5000,5000,0.05,0.03036189658489552,0.13657952872461787,0.4267310430294587,0.4753546792367006,0.7387357899265055,1.2357223476084556,log-normal,0.024609924596991073,0.20884586666810567,0.7610348721369556,1.2918922306391636,0.21053708255415157,1.9790525156279244,0.013280800202920216,2.0,0.01,0.007643157742945299,0.1,0.540300537109669,4.442729767857957E-4,-2.154257035597329,0.08574180668411618,0.9533854750506522,-7924.645029773578,4.442729767857957E-4,-2.154257035597329,0.9533854750506522,0.08574180668411618,-7924.645029773578
5000,5000,0.011809878823299279,0.021835497991054595,0.43546526878971176,0.33470007614376074,0.1,0.6280877881078792,1.3800554993317409,log-normal,0.046803985355996086,0.1,1.964670833023287,0.3148633767156863,0.1,1.227848881403934,0.0039563993016601936,0.35935185517872015,0.01,0.009091324570545635,2.0,0.29335053370930175,2.0316253030104573E-4,-4.207581228629134,0.18343698059658134,0.7098099621592483,-11912.78771186366,2.0316253030104573E-4,-4.207581228629134,0.7098099621592483,0.18343698059658134,-11912.78771186366
5000,5000,0.0045808047164357475,0.01,0.43074453237301036,0.34085434482008015,0.10380660042411101,0.6300171021098928,1.3819527770421574,normal,0.04500125777823465,0.10000968121239517,1.9987734385169211,0.052925180192519614,0.37802021678898656,1.350848790992115,8.271406849537486E-4,0.36071749502449535,0.01,0.0,1.9822812487287367,0.4682626480469372,4.090246073545053E-5,-2.7125720392280734,0.38448996962873727,0.895437617600875,-8361.18601905083,4.090246073545053E-5,-2.7125720392280734,0.895437617600875,0.38448996962873727,-8361.18601905083
5000,5000,0.05,0.01,0.01922885485689293,0.05575687091335711,0.43098580142808285,0.8843180152490233,1.988165350121162,normal,0.03748979172373019,0.1941802570555406,1.5314445137138195,1.0241695813820029,0.1,1.503771918660963,0.0,0.8209219223605848,1.5,0.021490623544551835,0.2633393384064093,0.6682846247693554,9.075470370436656E-4,-1.177443371340392,0.08747526530429851,0.9005924235421487,-9243.730242841868,9.075470370436656E-4,-1.177443371340392,0.9005924235421487,0.08747526530429851,-9243.730242841868
5000,5000,0.025422126184583865,0.19360191667331664,0.01,0.18353208164009066,1.287974144587212,0.7269166486708316,1.2315487621320549,normal,0.020311336546690574,0.10461463179151449,1.8198973607311395,1.369395315679309,0.1394564420586602,0.1,0.003165237708792127,1.4643819098549655,0.9510576683270271,6.778058140098592E-4,0.2451369569827189,0.10777137179307922,8.769994488664887E-4,-1.7436793658276253,0.1332156131049969,0.039101578178618285,-9761.823963396502,8.769994488664887E-4,-1.7436793658276253,0.039101578178618285,0.1332156131049969,-9761.823963396502
5000,5000,0.046795714110510214,0.021427860258789858,0.13562088673935968,0.3986242163078023,0.3227651268545797,0.8039473794358603,1.2190294106112352,log-normal,0.022370862965652837,0.21651376139863002,0.7445125816284213,0.8789968461697566,0.19297034913968808,1.8372570355178983,0.012641341802860476,2.0,0.01,0.007694915241099079,0.1,0.5375520352995016,3.2094413518198733E-4,-2.005369835669696,0.07471789562484385,0.9525596593300312,-6919.766263626481,3.2094413518198733E-4,-2.005369835669696,0.9525596593300312,0.07471789562484385,-6919.766263626481
5000,5000,0.025471720125642597,0.18916476543463084,0.01,0.1851448556289732,1.2787651103591655,0.6518878535672864,1.2311813253610044,log-normal,0.020998018830323248,0.10459947800078002,1.8188993776941502,1.3697061049044574,0.13213666928571816,0.1,0.002964768288605169,1.450356668946307,0.9528253148705733,0.0,0.24387859269633458,0.15839339776548417,8.578219636987388E-4,-1.5098105874161476,0.13775582788192953,0.039698803120358506,-9676.976757178294,8.578219636987388E-4,-1.5098105874161476,0.039698803120358506,0.13775582788192953,-9676.976757178294
5000,5000,0.025537245169235268,0.21151815587952058,0.01,0.1923930778582577,1.188350979751549,0.6519430966868085,1.2038566230149006,normal,0.020766275204397448,0.1061866205793503,1.8367086416328737,1.3711776015628452,0.13256724440315118,0.1747391482937375,0.0032945461977497504,1.4591282238172003,0.9630265519475402,0.0,0.24105643390658948,0.1462462860296964,8.62807198454155E-4,-1.3982827511386513,0.13171383111340762,0.08525616695293005,-9863.69959436775,8.62807198454155E-4,-1.3982827511386513,0.08525616695293005,0.13171383111340762,-9863.69959436775
5000,5000,7.431090319285497E-4,0.010222514202067186,0.4223376596478232,0.3695150099554918,0.1,0.6299041814865685,1.4161184085372416,normal,0.044893880209710336,0.10010520141415521,1.9954952721456907,0.0835541865218526,0.2634773459796045,1.2895823330515561,0.0018282240888674696,0.35872908826528294,0.01749382956089386,0.007621422726528742,1.9581148992699018,0.4834954155865673,5.1762969341917766E-5,-2.6962299058633237,0.4474975522938185,0.8822626589532792,-8267.42834113372,5.1762969341917766E-5,-2.6962299058633237,0.8822626589532792,0.4474975522938185,-8267.42834113372
5000,5000,0.0402169351857917,0.9856235184049011,0.23913270828659222,0.29156919071091336,0.3820327216285192,0.5810433409075731,1.306329524653254,log-normal,0.035255876940500065,0.10232540278728942,1.8452576557121105,1.218791393950313,0.5398494825386742,1.9932051284237204,0.012426060186054967,0.2210383770862852,1.4694944448928593,0.027864099008324913,0.2296659897053249,0.46923950182123497,7.826689977372683E-4,-2.6279799140909317,0.12666933917174739,0.9186846857715534,-12180.855068125604,7.826689977372683E-4,-2.6279799140909317,0.9186846857715534,0.12666933917174739,-12180.855068125604
5000,5000,0.02536631881632702,0.1788864234812851,0.0104832709888692,0.18828266750487843,1.2536456743671383,0.6538209858758669,1.2321835637066325,log-normal,0.021084238925552688,0.10410976496421628,1.9484754862176246,1.368568487201383,0.13237002008431065,0.1,0.0022344194260669695,1.4528481445667747,0.970926919779231,5.5274175325074926E-5,0.238188248138201,0.14035379462821707,8.681815130696922E-4,-1.3903637119714143,0.13611131734962909,0.04091049076157313,-10301.076774383884,8.681815130696922E-4,-1.3903637119714143,0.04091049076157313,0.13611131734962909,-10301.076774383884
5000,5000,0.005877538216964559,0.02579781117051748,0.43477021633791185,0.34970644640617427,0.10000166712716949,0.6418604879382087,1.3990845307603408,log-normal,0.04595956181618723,0.10111890237705609,1.9094922421992238,0.20944131526263482,0.12066112995572148,1.356515321987682,0.0,0.3592370724121571,0.014950731134016917,0.0018416933043960506,2.0,0.4779310386290839,1.4979339508332265E-4,-4.983825216986477,0.36059039443117,0.8556345490188417,-10021.05797875232,1.4979339508332265E-4,-4.983825216986477,0.8556345490188417,0.36059039443117,-10021.05797875232
5000,5000,0.004755594304250671,0.03947616102690439,0.14984104849982496,0.3425031457792255,0.11658879796438176,0.6641802059605273,1.4870186549174718,log-normal,0.039732334699851435,0.10834513537964348,1.668712064009824,0.18572410931520833,0.13346110713564374,1.734088774005489,0.0031909667996405672,0.36687636728704076,0.01,0.04405250114152928,0.8638224902702032,0.4412627933954697,1.5321236511822096E-4,-4.368569548937497,0.38330690938912343,0.9221179666161201,-10196.378306523147,1.5321236511822096E-4,-4.368569548937497,0.9221179666161201,0.38330690938912343,-10196.378306523147
5000,5000,0.00531199838710075,0.05510941859468464,0.4426877643877814,0.34490921023669807,0.1,0.6326257432937742,1.3987616824177067,normal,0.0457731677894727,0.10110674952759138,1.8273380821623744,0.2011373373030066,0.12450230392165537,1.3490235191042703,0.0,0.34803699647850816,0.01,0.0030703343726264966,1.9810719924471132,0.46999798786935776,1.6407701435249613E-4,-2.7067625269198263,0.31713575358289203,0.8502791718090257,-10125.479190685379,1.6407701435249613E-4,-2.7067625269198263,0.8502791718090257,0.31713575358289203,-10125.479190685379
5000,5000,0.038822297221514084,0.9925249043284334,0.343181822247787,0.290155678121855,0.39065335659716527,0.5824052177707904,1.3213638575004854,log-normal,0.0352343158401078,0.1027883317176912,1.857017796082626,1.1706107076998367,0.5444616225903496,1.9928236284076468,0.011890258706477537,0.1,1.447880193769046,0.02855839540013357,0.1,0.4714261222733954,7.99933381567694E-4,-3.71879411554567,0.14614360592504794,0.9193047774241464,-12082.447275989838,7.99933381567694E-4,-3.71879411554567,0.9193047774241464,0.14614360592504794,-12082.447275989838
5000,5000,0.0,1.1297849183422,0.851500238145102,0.3487845199041358,0.1750832794440738,0.5061793813588025,0.9290398010290362,normal,0.036434160317310914,0.1,0.1299898592364021,0.03083578774771839,0.2430130842833104,0.4602028678916459,5.2216756091610114E-5,0.1,0.021198384523031178,0.041478613475090374,1.289302323245633,0.32566386923421314,1.4800221067413937E-4,-2.3199022066312507,0.4693460853168223,0.7174710008205334,-4088.6873271848863,1.4800221067413937E-4,-2.3199022066312507,0.7174710008205334,0.4693460853168223,-4088.6873271848863
5000,5000,0.022426556730009796,0.01,0.508752230159235,0.49938832329481786,1.10708034039662,0.5717546641276022,1.3657440809596935,log-normal,0.044626824983553366,0.11482374453850488,1.9999999999999998,0.2829510198217442,0.10103715136999641,1.3757868769298587,0.0,0.41733171942718816,0.01,0.013862329679427028,1.9999403969284981,0.4781463301140485,3.8643917189247826E-4,-2.7602445358012746,0.1344018081068491,0.8004484915720751,-11547.779409707933,3.8643917189247826E-4,-2.7602445358012746,0.8004484915720751,0.1344018081068491,-11547.779409707933
5000,5000,0.04777503276733945,0.01,0.01,0.03769036293312426,0.40927337733432667,0.8726959378835066,1.9753594635685205,log-normal,0.036941006907022386,0.19077079325108692,1.5645175812067933,0.8327064272080261,0.1,1.476986208253031,0.0,0.788362476119042,1.5,0.020906802573874998,0.2511963975409085,0.6481762311772528,0.0010278806461074936,-1.0008519680493073,0.08197912063861704,0.8938926803420493,-9354.41665413355,0.0010278806461074936,-1.0008519680493073,0.8938926803420493,0.08197912063861704,-9354.41665413355
5000,5000,0.04025725359967474,0.9910504445024163,0.24538382224382183,0.2842204275440401,0.1019363585337937,0.5830104641366501,1.2849186784903217,log-normal,0.03527102825208038,0.1,1.8936652111576566,1.2532866622360568,0.5511838397016317,2.0,0.011639012531622953,1.2111968486172617,1.471165599831398,0.015959201794528192,0.20891715983979647,0.460815643177079,6.852832238547323E-4,-3.5328146176151085,0.12217030141959467,0.9160226845360783,-12005.610216163941,6.852832238547323E-4,-3.5328146176151085,0.9160226845360783,0.12217030141959467,-12005.610216163941
5000,5000,0.048753846589246204,0.8857209130638823,0.3234706193389046,0.3193347655478053,0.1,0.39918812105967677,1.7741507401623293,log-normal,0.04955434830812226,0.10953938240841746,1.1782150418497837,1.1795048891860764,0.6638873150337854,1.6526516735645747,0.0030008531488018545,0.1,1.2975540841793698,0.023973815440286064,0.7216291066268545,0.8835616216379774,5.907160770612784E-4,-4.849937721959204,0.12354826181927273,0.8970060999232718,-11063.16997218017,5.907160770612784E-4,-4.849937721959204,0.8970060999232718,0.12354826181927273,-11063.16997218017
5000,5000,0.001130313879936102,0.07108554391027272,0.45943346810494384,0.45565735183639355,0.14031346407718065,0.6301867860734649,1.4102802705680366,log-normal,0.03636176671186014,0.1,2.0,0.03618350754222182,0.27584429499973706,1.3176059116710406,5.611383723077185E-4,0.5784020324446624,0.039589074307126375,0.008405948144797637,1.7836138263462264,0.6090346263033732,4.462324356796845E-5,-3.9935383865132925,0.4620917780654557,0.9055925719336222,-7348.301934440758,4.462324356796845E-5,-3.9935383865132925,0.9055925719336222,0.4620917780654557,-7348.301934440758
5000,5000,0.04880462989877874,0.8770581510285613,0.284702960241426,0.33536192138678034,0.1,0.3736487129763391,1.7293929110613249,normal,0.05,0.11010177514946945,1.1417393339025135,1.2716163790203954,0.6651338726231795,1.614481055861274,0.00229971030517001,0.1,1.3146690945509882,0.02596576971830758,0.6600726410432673,0.9,5.115659416440059E-4,-3.1660114592869553,0.11055575337427564,0.8926947116582133,-10968.235691701464,5.115659416440059E-4,-3.1660114592869553,0.8926947116582133,0.11055575337427564,-10968.235691701464
5000,5000,0.04092742260739586,1.0122421799184014,0.2845328771906474,0.2883342637602875,0.3676240751112264,0.5850424948466413,1.3017655958504135,log-normal,0.035535025875224016,0.10188781278352196,1.8784252878098242,1.249857001571431,0.5696324258772513,1.9572567595793322,0.010902536259057086,0.10407646649559925,1.4588455747807545,0.028409467622219867,0.22681747621141482,0.47882334530155046,7.832728334081344E-4,-3.154704843547424,0.13371417035976035,0.9135110458248266,-11814.96442936244,7.832728334081344E-4,-3.154704843547424,0.9135110458248266,0.13371417035976035,-11814.96442936244
5000,5000,0.041800778678118,1.2152727293918524,0.2985306992003632,0.3566118314620522,0.18892792332491762,0.6675481722349502,1.9423863493502125,log-normal,0.023429463903867975,0.2668934317738052,0.12342807282441588,1.4500630714883564,0.10774396933089865,1.614324179096633,0.04906694961264027,1.8783046303690198,0.08071145317605297,0.02639702403059112,0.3882599348943704,0.4911096047364336,4.72681914772548E-4,-5.152521826492473,0.10634292138890461,0.9436651601040097,-6770.7185379380635,4.72681914772548E-4,-5.152521826492473,0.9436651601040097,0.10634292138890461,-6770.7185379380635
5000,5000,9.525404443309183E-4,0.01542164121830604,0.42817346494995706,0.4611397263965386,0.13874272196480375,0.6276482258051528,1.3989069065416198,normal,0.0466159799121572,0.10009487892684511,1.997997790270143,0.036213295085987585,0.26346729830407817,1.6845352345461637,0.0018044778307639059,0.556761432507538,0.04754166750741536,0.007633412875228163,1.7868174691533232,0.6185782757428813,3.428270960433164E-5,-2.652048055088268,0.47289251415131994,0.9250563273075245,-9488.838807439866,3.428270960433164E-5,-2.652048055088268,0.9250563273075245,0.47289251415131994,-9488.838807439866
5000,5000,0.042760075344589435,0.8831948214557865,1.074404485263654,0.4539076721902519,0.10056867169643166,0.29309696601279067,1.48055753667681,log-normal,0.043670446835408286,0.10172805969829785,0.9091938670630186,1.2308619059921904,0.480590835994935,1.9583350015682779,0.0020173479452921827,0.1,1.288059539487108,0.03576197372733398,0.4913499865956955,0.8387302147711021,5.789849085483742E-4,-4.728009863986135,0.12427310652764029,0.9300311329138921,-11218.24990203774,5.789849085483742E-4,-4.728009863986135,0.9300311329138921,0.12427310652764029,-11218.24990203774
5000,5000,9.992105920514203E-5,1.1557007359972622,0.8532039212878243,0.35065272006419224,0.18060099257097628,0.5117725472141871,0.8263994318399548,normal,0.03553126260636671,0.1,0.16575760942241105,0.01,0.1398318237471709,0.4393769172179832,6.415359353503437E-5,0.13352080027548124,0.07570125866262813,0.03910575954032351,1.3729857629874913,0.45561644985765637,1.8454507642961328E-4,-2.0144980760309963,0.48337473585709023,0.6997525039845667,-4209.648523917839,1.8454507642961328E-4,-2.0144980760309963,0.6997525039845667,0.48337473585709023,-4209.648523917839
5000,5000,0.0389935944587075,0.9926309288720377,0.339694921492494,0.29013789626624975,0.40063096635503204,0.5824109786912082,1.320815070890598,log-normal,0.03457716602613532,0.10279106249357584,1.8547627891433205,1.1703412847972667,0.5345999710205017,2.0,0.01188695824424921,0.1,1.454915227798615,0.028318567947728347,0.10007290548531925,0.47158049096345567,7.266513992745922E-4,-2.743040873065706,0.1400032568542193,0.9198494497608869,-12494.329845969889,7.266513992745922E-4,-2.743040873065706,0.9198494497608869,0.1400032568542193,-12494.329845969889
5000,5000,0.027680875873072327,1.0949644378037389,0.8795485487761956,0.4754221425424992,0.18527825714215487,0.6551140684028968,1.4326987272055756,log-normal,0.03208838195325864,0.20645038785369718,0.7371506931222196,0.011876025777666692,0.10456902060617568,1.6858146651784485,0.003183964271644467,0.1560665777694074,0.03506144650460654,0.04927299888570595,0.980789596132729,0.22323194663135412,2.074805804058792E-4,-4.214007705634643,0.2022204056379644,0.9502586319035535,-6118.050526633947,2.074805804058792E-4,-4.214007705634643,0.9502586319035535,0.2022204056379644,-6118.050526633947
5000,5000,0.0,1.1401101704440497,0.8610225929216253,0.350504144400077,0.18214872823735306,0.5101486744870255,0.8253705958518308,log-normal,0.035757459015574894,0.1,0.10105306883417306,0.01,0.14023059653928568,0.4652732997464518,4.4739851309747014E-5,0.1317361476679846,0.07603990678555565,0.04171860511891767,1.3328783627863523,0.4554424895787025,2.3308898259114072E-4,-2.2575022025913087,0.4536204064006396,0.6859132396608097,-4626.517767041434,2.3308898259114072E-4,-2.2575022025913087,0.6859132396608097,0.4536204064006396,-4626.517767041434
5000,5000,0.03330482912302697,1.2696607643757163,0.0821018811960684,0.19518131431817434,0.3388863830085699,0.5972750973462917,1.2160006151919664,log-normal,0.04172352516769614,0.1,1.967154916897147,1.0220786660173038,0.4821029230495345,1.9550857910899933,0.017201933072866184,0.4401374729941012,1.4591099480743257,0.026675088622786988,0.3658184676818642,0.4629686544553564,8.660780883818938E-4,-2.080189830840826,0.14215205326223246,0.9101758238203314,-12263.411113489801,8.660780883818938E-4,-2.080189830840826,0.9101758238203314,0.14215205326223246,-12263.411113489801
5000,5000,0.00567365300668363,0.03530464161223148,0.4170708309132396,0.36314571568227205,0.1,0.6250214638845709,1.5859676048141824,log-normal,0.045358471658011594,0.10014763658990072,1.9807087276255828,0.10024312730669377,0.2528874215548351,1.2331706563625902,0.010982531298802065,0.3021942916361325,0.019463578263688067,0.00825855372828836,1.9164402755529304,0.4786923217280813,9.33961993556997E-5,-4.068519594666837,0.35609438914499286,0.8577936182362424,-8761.497611621346,9.33961993556997E-5,-4.068519594666837,0.8577936182362424,0.35609438914499286,-8761.497611621346
5000,5000,0.004188367254187499,0.030701970733886988,0.43962172122339566,0.3443286770037689,0.1,0.6321197991386157,1.3987759314114034,normal,0.046027133599403594,0.10109706892131047,1.9090847639965134,0.18631182035779026,0.11962712725878305,1.3480115087990836,1.435906124713517E-6,0.3574257257676282,0.06211573168647248,0.0021083529563561123,2.0,0.4871599393405527,1.5370342751890113E-4,-2.870309827274504,0.3917767448521689,0.854295919832627,-9947.252317989056,1.5370342751890113E-4,-2.870309827274504,0.854295919832627,0.3917767448521689,-9947.252317989056
5000,5000,0.05,0.908097302726037,0.16914503410450477,0.19720734420626077,0.1,0.03301231124051686,1.3488902289648133,normal,0.03718135972358785,0.10036333598596657,1.9654076035415522,1.4171202027629943,0.7437387472031867,1.4243881200077193,0.0019396132723031479,0.1451025617466685,1.3780025523392043,0.024982296246347194,0.7186681396203096,0.6103978359545599,5.487664240531108E-4,-2.4987734324399065,0.10796181393116192,0.7893014700117729,-10754.38663349203,5.487664240531108E-4,-2.4987734324399065,0.7893014700117729,0.10796181393116192,-10754.38663349203
5000,5000,0.02050145720178598,1.5,0.8576062951767728,0.2942886424554493,0.1,0.6360210527908877,1.6021914744068673,log-normal,0.03402615913460175,0.10000449866650804,0.1,0.10622078042205718,0.23557354684549917,0.5857198901273186,0.001998464655551653,1.319939078247446,0.4303003341581004,0.03777438186990505,1.9846267375172284,0.43811638185807666,4.8465951822245727E-4,-4.912581769694238,0.20715227871820832,0.7910783175610778,-3882.3350606752583,4.8465951822245727E-4,-4.912581769694238,0.7910783175610778,0.20715227871820832,-3882.3350606752583
5000,5000,0.03989824114297794,0.9909924940669477,0.22647429615075684,0.28864401777811366,0.3772672021852944,0.5855386530809326,1.3068728144401556,log-normal,0.03519481636554883,0.10226785719288382,1.856165705891512,1.2216897991900053,0.5582151655746249,2.0,0.01112117566159073,0.22377926389916553,1.5,0.02786830053001767,0.2149717162608063,0.4844255224884363,7.597227078867152E-4,-2.678189470891682,0.13306966942695608,0.9187178846553974,-12411.548762279552,7.597227078867152E-4,-2.678189470891682,0.9187178846553974,0.13306966942695608,-12411.548762279552
5000,5000,0.04872761254054001,0.8847513217366836,0.3252606759797631,0.3358767378637706,0.10392757115836573,0.38141456514438227,1.7634322995713991,log-normal,0.04969175403293115,0.1084884411397784,1.1735590315038473,1.1771189000134588,0.663960587143189,1.6499783560729842,0.002863036344598707,0.1,1.2991918738679675,0.02430335113176576,0.7209916775447347,0.8892748558273211,6.299074655036396E-4,-4.786577932360819,0.11191059854188136,0.8946979140380857,-11137.548248414929,6.299074655036396E-4,-4.786577932360819,0.8946979140380857,0.11191059854188136,-11137.548248414929
5000,5000,2.626212661010487E-4,0.015057174940879924,0.401066753759654,0.3640549844258466,0.1,0.6275994750107113,1.41587220043201,log-normal,0.04405195393039294,0.1,2.0,0.08129808130897313,0.2659299076047615,1.2833818183820782,0.001790426732539892,0.3638936040361006,0.017530540148234172,0.006113023797009532,2.0,0.48224332587891927,6.061941266841266E-5,-3.6671106021937048,0.47511332502787174,0.8835816811258608,-8117.721338460881,6.061941266841266E-5,-3.6671106021937048,0.8835816811258608,0.47511332502787174,-8117.721338460881
5000,5000,7.717420247023774E-5,1.1568310891308033,0.8646824639043735,0.35018641138612333,0.1766294917268589,0.5100772401303542,0.7922590384536121,normal,0.0361430391372793,0.10000033482588547,0.1,0.03356182992104153,0.14626705913755733,0.46999150672230094,0.0,0.10089835736869882,0.017186705211159763,0.04174369108073681,1.3412922797921127,0.45071141544776583,1.5219390550199696E-4,-2.040815854038188,0.4656183769826242,0.710852712286097,-4273.895072968545,1.5219390550199696E-4,-2.040815854038188,0.710852712286097,0.4656183769826242,-4273.895072968545
5000,5000,0.017189893374119993,0.010052826998525074,0.01,0.21328794154610964,1.3918035568705593,0.7317890953781118,1.0642667034186521,normal,0.01727005432020352,0.10006991886357916,1.5778885144499768,1.442841104537246,0.11145677439234851,0.1,2.607350615916961E-5,0.9150274825543584,0.8637420002888537,0.0,0.277050996498482,0.1,7.803074134753532E-4,-1.3138035612516195,0.15754934844489704,0.03982687136924187,-7828.981408112793,7.803074134753532E-4,-1.3138035612516195,0.03982687136924187,0.15754934844489704,-7828.981408112793
5000,5000,0.04816924412190665,1.2207109284158597,0.3008122846142864,0.3390029894154086,0.16707775967895466,0.5797986996432792,1.9633129286016011,normal,0.01728370395460963,0.28050898376180144,0.16951172826775227,1.5,0.10112493681245471,1.928011902621838,0.04694207478800158,1.829332284833101,0.3544391292403128,0.02416895654464613,0.37181512345260215,0.46555547486946647,4.5389120297660037E-4,-3.1663647390512466,0.09992928288864053,0.9573089967984528,-6095.331320315552,4.5389120297660037E-4,-3.1663647390512466,0.9573089967984528,0.09992928288864053,-6095.331320315552
5000,5000,0.05,1.32670923108875,0.2758073432432488,0.3692950154965792,0.1685971582851117,0.7065890130255255,1.8531394262032888,normal,0.0201705724461971,0.29024311828621174,0.1074418491201472,1.4803908449344312,0.11013174671993421,1.8073345177185487,0.04287909360736543,1.4758801938790143,0.01,0.03290068685771114,0.358463193107063,0.4527204200124535,3.5835255384378056E-4,-3.46013063870738,0.11330148819983638,0.9490541667017837,-7557.573665730363,3.5835255384378056E-4,-3.46013063870738,0.9490541667017837,0.11330148819983638,-7557.573665730363
5000,5000,0.02691517662744254,1.0773385371344015,0.8435805536123924,0.48073613100522167,0.26085357638452994,0.6525197865627531,1.438657968314005,normal,0.03272520282801746,0.1834383321781909,0.7011283957255501,0.02623798051866947,0.1435473152444936,1.6241558398136184,5.385199440689276E-6,0.1750053652500902,0.020062067400459384,0.044485103449898054,1.070599369976294,0.2708055283872256,1.576186392024196E-4,-2.5645226756568165,0.17885011943303214,0.9465785982526727,-6366.665758920128,1.576186392024196E-4,-2.5645226756568165,0.9465785982526727,0.17885011943303214,-6366.665758920128
5000,5000,0.04216948581319852,1.019967129809394,0.2895917754446277,0.28724297033348556,0.35504059247225495,0.5862285413410666,1.2976902890518835,normal,0.0352099418711824,0.10189877808564494,1.8410886576995238,1.3408060360389378,0.5626477152467605,1.9506076864733726,0.011135628142823872,0.10007762971732097,1.4897092692121503,0.027598324662577264,0.2385150327035181,0.48183108550842146,6.556393816257498E-4,-2.293373711315641,0.12309083012868728,0.913273586478013,-11744.597299148136,6.556393816257498E-4,-2.293373711315641,0.913273586478013,0.12309083012868728,-11744.597299148136
5000,5000,0.01041782196175414,1.0313207244818172,0.8911349010691819,0.5,0.13543891605155794,0.01,1.6333287438218842,log-normal,0.03615572266683872,0.10353475055395232,0.6384374475654264,0.35568829230989285,0.11302869648221517,0.9212189281181258,0.00468368137353401,0.5236448079981635,0.11102590066754073,0.03878983224275199,1.93051047426065,0.5383811083841684,4.5854215714977197E-4,-5.404071470973741,0.3519590039259761,0.8572572233824537,-5364.608264293049,4.5854215714977197E-4,-5.404071470973741,0.8572572233824537,0.3519590039259761,-5364.608264293049
5000,5000,0.027808365154511534,1.0651050173807408,0.8754707560725411,0.49313320378868425,0.26338559080948143,0.6507406154210269,1.4442212530396696,log-normal,0.03296180103808854,0.18160232735993925,0.737572856112161,0.1602340797742369,0.14181439016495356,1.5990907900577256,0.0,0.25114374937926287,0.010298239035096307,0.04380110203367185,0.9928008095268277,0.2833438120950072,2.447411037290482E-4,-3.8960202170456473,0.16350898034176142,0.9409937396625733,-7153.018411961011,2.447411037290482E-4,-3.8960202170456473,0.9409937396625733,0.16350898034176142,-7153.018411961011
5000,5000,0.0026724962770139212,0.026710524112928943,0.4166738170009833,0.36215899714361005,0.1,0.6313958473161009,1.4059303320331824,log-normal,0.04554637442971409,0.10011136175777893,2.0,0.09830414300361999,0.2579979960064248,1.2303206931402626,0.0018141567853376497,0.1,0.01877341601085082,0.007627551318023344,1.9292393236191738,0.4784275023712914,6.928784951378693E-5,-3.706149564824234,0.4660328444304464,0.8715116233453768,-8176.488254019563,6.928784951378693E-5,-3.706149564824234,0.8715116233453768,0.4660328444304464,-8176.488254019563
5000,5000,0.05,0.01,0.1286961169447207,0.21176250266879845,0.408296068641838,0.637781831891234,1.2258433363173333,log-normal,0.025052463500690392,0.21481295470022516,1.3487855979964545,1.2761182386222594,0.21914435513688957,1.4227229895816538,0.015320390813013292,0.734494850787901,0.8950287319497882,0.007831368349008402,0.1093684973421688,0.5478716001599553,5.626959498566811E-4,-3.2805806216211675,0.07677713173575576,0.9219722503378986,-6833.926940594744,5.626959498566811E-4,-3.2805806216211675,0.9219722503378986,0.07677713173575576,-6833.926940594744
5000,5000,0.03330482912302697,1.2696607643757165,0.0821018811960684,0.1951813571214001,0.3388863830085699,0.5972750973462917,1.2160006151919664,normal,0.04172352516769613,0.1,1.967154916897147,1.0220786660173038,0.4821029230495345,1.9550857910899933,0.017201933072866184,0.4401374729941012,1.459109948074326,0.026675088622786988,0.3658184676818642,0.462968680493839,7.252163898181993E-4,-1.8094937856650692,0.1282876334207333,0.9091864045487494,-12339.003046144866,7.252163898181993E-4,-1.8094937856650692,0.9091864045487494,0.1282876334207333,-12339.003046144866
5000,5000,0.030812247371988084,1.2324428788700337,0.9846483546426816,0.49264702421822787,0.28531660762925304,0.6431969220298892,1.4358451838191417,log-normal,0.03031105419270513,0.18743181498702263,0.3805677842274888,0.05543608413452284,0.14364319362099626,2.0,2.040299907914002E-4,0.11273916283358763,0.01,0.05,0.7865808126494671,0.3044536394689535,2.8571862569333624E-4,-3.9867440496272897,0.16393082981645257,0.9559184569884094,-7480.8349152586115,2.8571862569333624E-4,-3.9867440496272897,0.9559184569884094,0.16393082981645257,-7480.8349152586115
5000,5000,0.04338219094246185,1.2098704200922643,0.20638698988717544,0.36018574238284423,0.20483813465615536,0.6630204509310436,2.0,log-normal,0.022467607353623364,0.27050155672527953,0.1,1.4282166206761895,0.5578470994929318,1.7141042572827923,0.04604437236248178,1.9303642687843596,0.1272657009513597,0.02672325803634966,0.1,0.4762606822431673,4.5269315008447664E-4,-3.4990989648493382,0.11672488007289818,0.9438329251944386,-7633.751171076336,4.5269315008447664E-4,-3.4990989648493382,0.9438329251944386,0.11672488007289818,-7633.751171076336
5000,5000,0.04897007364503368,0.8765050277902615,0.28715042070497193,0.3361584985727029,0.10460019713650186,0.3738862952611775,1.7304895864592675,log-normal,0.05,0.10985438806512866,1.1192364064588982,1.271275907384926,0.6668726956468748,1.6022300661150612,0.0023133066084016093,0.1,1.3146014151052092,0.025948466608223992,0.658916378682693,0.9,5.659510499225545E-4,-4.947506034597839,0.12343648095215849,0.8923478675558545,-10894.267700694463,5.659510499225545E-4,-4.947506034597839,0.8923478675558545,0.12343648095215849,-10894.267700694463
5000,5000,0.0,1.1339991587538825,0.8531677357498351,0.3490770100148227,0.17291444976369275,0.5020816011641439,0.8183423843428868,normal,0.03669288596223188,0.1,0.10955429284721593,0.01,0.13916371482374362,0.5277342991817552,0.0,0.10388251588417939,0.01,0.04141431440231437,1.3478381381139837,0.448590195799074,1.6578612263798935E-4,-1.9089914870907037,0.4555620055947062,0.7163609868445366,-4706.059000126751,1.6578612263798935E-4,-1.9089914870907037,0.7163609868445366,0.4555620055947062,-4706.059000126751
5000,5000,0.01996787727549643,0.29559395018558854,0.05435462262039345,0.19623297949117927,1.6194748339657916,0.6571118838586197,1.2769551249748592,normal,0.015885668658297842,0.10020854892960623,1.9416882117686947,1.3980913830056467,0.17140279017725296,0.1,0.0026847805434145403,1.2402793764758049,0.8463542021090391,0.008337531801218993,0.3668404253541264,0.12628108146784886,0.0010450239423251048,-1.2518571823366555,0.17003482750687787,0.031808687112285156,-8695.355789963138,0.0010450239423251048,-1.2518571823366555,0.031808687112285156,0.17003482750687787,-8695.355789963138
5000,5000,0.03109186777353994,1.2287228783234707,0.977111950018749,0.4944887432207316,0.28867741758978344,0.6299099681225072,1.437979166167327,normal,0.03125263254375124,0.18763510702519387,0.3802739864219692,0.030883410726898736,0.26028907364101395,2.0,2.2713735897108992E-4,0.1122920962329649,0.01,0.04966694572301473,0.7846241245205366,0.26027922635727163,1.7502096480420163E-4,-2.4847424489477814,0.16323333765932163,0.9550752673212421,-7703.6167480017075,1.7502096480420163E-4,-2.4847424489477814,0.9550752673212421,0.16323333765932163,-7703.6167480017075
5000,5000,0.05,0.8276687865102219,0.11426320700084155,0.20458410077564265,0.18876797447281962,0.01,1.2939113762104573,normal,0.041473890034617183,0.10086520894760707,1.9023651126889847,1.4426366292065806,0.825543331603381,1.697607121171387,0.0012136351042340173,0.14900043610552316,1.349442672751256,0.03584714633208907,0.6026985475275207,0.6102921494430575,5.987925216677052E-4,-2.276814393864771,0.10531422511216595,0.8654347467298975,-10823.401464882532,5.987925216677052E-4,-2.276814393864771,0.8654347467298975,0.10531422511216595,-10823.401464882532
5000,5000,0.04771465182607848,0.01,0.01,0.043027371008538366,0.40908298732243453,0.8759767695591288,1.9701653099163,normal,0.03698535421610642,0.19069367128177117,1.5594721222105223,0.8292788199429681,0.1,1.4998729271191182,6.109737674488035E-4,0.7852972596233854,1.4979498728004759,0.021040434476739294,0.25105196503343324,0.6415140434035096,7.845100593822465E-4,-1.966481154682226,0.08916800750002135,0.8975789513008411,-9415.06338413814,7.845100593822465E-4,-1.966481154682226,0.8975789513008411,0.08916800750002135,-9415.06338413814
5000,5000,0.02724229582897958,1.07307803889604,1.0393170347883232,0.48634201213898554,0.2555748775781219,0.6508220342212621,1.4464988585021747,log-normal,0.03330791692380276,0.18603317882334836,0.7480954727007535,0.1602070365553049,0.17574141722275852,1.6071874859988802,0.0,0.2508475810023367,0.010300146184107222,0.04392914704898186,0.9102044652563204,0.2770750860888256,3.334201065692533E-4,-4.148053086678791,0.17043211774345052,0.9418032237958758,-7090.99859511919,3.334201065692533E-4,-4.148053086678791,0.9418032237958758,0.17043211774345052,-7090.99859511919
5000,5000,0.05,0.010969666582290594,0.13146974806482234,0.409268494442669,0.4216990563130244,0.7704459877103956,1.2313324319138,normal,0.0249651742495151,0.21422157735126685,0.7532862639131779,1.279142409195514,0.22265165792806335,1.8820105932867914,0.012892563696167383,2.0,0.01,0.007495203091895277,0.1,0.5386166691019187,2.80338298651889E-4,-2.3148688263385386,0.08384645478753347,0.9520767672394501,-7410.216702319465,2.80338298651889E-4,-2.3148688263385386,0.9520767672394501,0.08384645478753347,-7410.216702319465
5000,5000,0.0401220089088343,0.9935280652037446,0.24817308994571652,0.28766114144627714,0.1,0.5874104662652716,1.295700027409949,log-normal,0.035235400194655625,0.1,1.9115597084712928,1.2634961635612338,0.5454069013578141,1.998784358643097,0.011524226362458779,1.2009236580542575,1.4716700782554053,0.016281329852896487,0.20152278595926332,0.46436054468266186,6.92317363961074E-4,-3.5725574382199516,0.12800941170937946,0.914560273985805,-11492.042190669752,6.92317363961074E-4,-3.5725574382199516,0.914560273985805,0.12800941170937946,-11492.042190669752
5000,5000,0.00884137631400635,0.20794318531560305,0.47114582702640084,0.3499035764298192,0.10501827021781454,0.6371330252947075,1.1461306221011458,log-normal,0.05,0.1,1.892626907522259,0.11577788666824927,0.1205080929182784,0.9740150306253659,0.002814918168516722,0.1,0.01,9.353371424363539E-4,2.0,0.47455525005308785,1.479407160610122E-4,-3.200962006542542,0.30505827603997454,0.7607268935985967,-8621.263928622355,1.479407160610122E-4,-3.200962006542542,0.7607268935985967,0.30505827603997454,-8621.263928622355
5000,5000,0.032065572536031574,1.1466212805842217,0.9514795961903129,0.4893438408774306,0.36752032627128617,0.6460545749154546,1.4169157230820861,normal,0.032504887640578274,0.1848708078861236,0.330378331810568,0.047001335285252445,0.15517739895065608,1.9802411957379238,0.0,0.1258318857291609,0.023612197862493824,0.05,0.7970586537950528,0.3447367801654345,1.8820073181121234E-4,-2.471669033836098,0.15538874712364625,0.9544107401841202,-7770.236468979387,1.8820073181121234E-4,-2.471669033836098,0.9544107401841202,0.15538874712364625,-7770.236468979387
5000,5000,0.0,1.0497694145927474,0.8622168554933828,0.34734924294700315,0.1540873934655584,0.5140204942302595,0.8246537224408171,normal,0.03708532696040738,0.1,0.1,0.015549583868817902,0.14462478056149392,0.4807954761082288,1.7820915247531815E-5,0.14687848437131013,0.07975870636496653,0.04093731549678614,1.3463219183964472,0.45544527017353786,2.0469146555292803E-4,-2.0652759104281655,0.4572302858630467,0.6871119867357993,-4766.768734149366,2.0469146555292803E-4,-2.0652759104281655,0.6871119867357993,0.4572302858630467,-4766.768734149366
5000,5000,0.0,1.1313751152890457,0.8514783194129014,0.349256198133733,0.17457198201259885,0.5052456488275167,0.8223183989450321,normal,0.036441055071736714,0.1,0.11157495445738283,0.030987669001831086,0.13920053366224994,0.46535490622565134,1.9055334332532172E-5,0.1,0.01717907033848866,0.04154735689665304,1.329447681267451,0.4503282746141286,1.757455270198305E-4,-2.0913903994634384,0.42349327118619284,0.7190695308376842,-4113.98195764279,1.757455270198305E-4,-2.0913903994634384,0.7190695308376842,0.42349327118619284,-4113.98195764279
5000,5000,0.02880019352125407,1.0634872920403584,0.8832567614669894,0.4941822793073809,0.2855044781891164,0.6504094496702393,1.455606985868671,normal,0.032684442575648315,0.185422243683911,0.7368364012369378,0.01,0.14135672883190376,1.5847940702495111,1.4786222376006315E-4,0.1658581462838835,0.018557730990306377,0.043615537722193426,1.0372955097353702,0.28715887707579135,1.7091364373340574E-4,-2.7938895502150185,0.15577345338599963,0.9443923205466292,-6317.628799419095,1.7091364373340574E-4,-2.7938895502150185,0.9443923205466292,0.15577345338599963,-6317.628799419095
5000,5000,0.04952574284479067,0.9038535054169279,0.3078328673616989,0.3329512449431699,0.1,0.5740040950442391,1.9460788899512007,normal,0.017193254092806334,0.3047824356942438,0.1,1.5,0.10016926672175533,2.0,0.04302183542877542,1.9578697660425297,0.5130994237664681,0.021311142518652536,0.3629558708889108,0.4562156240927483,4.2102589040492644E-4,-3.4358630421208476,0.10336550844466061,0.9540647815655732,-8021.529665118389,4.2102589040492644E-4,-3.4358630421208476,0.9540647815655732,0.10336550844466061,-8021.529665118389
5000,5000,0.04952537191372297,0.9094131015664665,0.30837291296123365,0.3329752526687769,0.1,0.5740119824848882,1.945997450913494,normal,0.017200395128488186,0.30518002751890366,0.1,1.4999999999999998,0.10011791091841214,2.0,0.04313441755484542,1.9565099020212284,0.513853480914654,0.02130892341266453,0.4489271626182584,0.4562629988017115,4.104642199113384E-4,-3.0822977003017478,0.10197981781513416,0.9540701787495623,-8020.796933544423,4.104642199113384E-4,-3.0822977003017478,0.9540701787495623,0.10197981781513416,-8020.796933544423
